batch_code,question_id,exam,year,cycle,paper,q_num,question,opt_a,opt_b,opt_c,opt_d,source_key_opt,key_authority,key_source_url,source_url,source_answer_raw,source_explanation_raw,source_version,source_topic_hints,source_difficulty,content_hash
CDS_2020_I_GK,CDS_I_2020_GK_001,CDS,2020,I,General Knowledge,1,Scattering of α-particles by a thin gold foil suggests the presence of,electron in an atom,proton in an atom,positively charged nucleus at the centre of an atom,isotopes of gold,C,TRUSTED_SECONDARY,https://www.unlockias.in/cds-2020-i-general-knowledge,https://www.unlockias.in/cds-2020-i-general-knowledge/q1-scattering-particles-thin-gold-foil-suggests-presence,C,"Correct: C, positively charged nucleus at the centre of an atom. Rutherford fired fast alpha particles (doubly charged helium ions of mass 4 u) at a gold foil about a thousand atoms thick. He expected them all to punch through a soft, evenly spread positive pudding with at most a slight wobble. Most did pass straight through. A few came off at small angles, and roughly one in twelve thousand bounced back the way it had come. Only one arrangement of matter explains that last group. To turn a heavy, fast, positively charged projectile around, the atom must carry a repelling charge that is positive and packed into a tiny volume, and that volume must also hold nearly all the atom's mass. Rutherford named this centre the nucleus .",UnlockIAS_2026-10-09,"[""Science & Technology""]",,9044513317d4ec4c82a941293f3afcebc7ae1ed54bfd3d5425a43a75e85b921b
CDS_2020_I_GK,CDS_I_2020_GK_002,CDS,2020,I,General Knowledge,2,The elements of which of the following pairs are isobars?,1¹H and 1³H,1¹H and 1²H,12⁶C and 14⁶C,40¹⁸Ar and 40²⁰Ca,D,TRUSTED_SECONDARY,https://www.unlockias.in/cds-2020-i-general-knowledge,https://www.unlockias.in/cds-2020-i-general-knowledge/q2-elements-pairs-isobars,D,"Correct: D, 40¹⁸Ar and 40²⁰Ca. Isobars are atoms of different elements that share a mass number while differing in atomic number. Argon has 18 protons and calcium 20, so they are different elements, yet both nuclides carry 40 nucleons in total. This is the pair NCERT uses to introduce the word, noting that 'the number of protons in these atoms is different, but the mass number of both these elements is 40'. The other three pairs keep the atomic number fixed and change the mass number, which is the definition of isotopes .",UnlockIAS_2026-10-09,"[""General Science""]",,67afb0a9bebf95c3cfeca333a654ea9320f10d9345a36aedd50086aa9a8a0462
CDS_2020_I_GK,CDS_I_2020_GK_003,CDS,2020,I,General Knowledge,3,Which one of the following chemical reactions is not feasible?,Fe + CuSO₄ → FeSO₄ + Cu,Zn + CuSO₄ → ZnSO₄ + Cu,Cu + PbCl₂ → CuCl₂ + Pb,Mg + CuSO₄ → MgSO₄ + Cu,C,TRUSTED_SECONDARY,https://www.unlockias.in/cds-2020-i-general-knowledge,https://www.unlockias.in/cds-2020-i-general-knowledge/q3-one-chemical-reactions-feasible,C,"Correct: C, Cu + PbCl₂ → CuCl₂ + Pb. A displacement reaction only runs when the free metal is more reactive than the metal locked in the salt. Read the four lines against the activity series: potassium, sodium, calcium, magnesium, aluminium, zinc, iron, lead, hydrogen, copper, mercury, silver, gold, in falling order of reactivity. Iron, zinc and magnesium all stand above copper, so each of them can turn copper out of copper sulphate and take its place. Copper, however, stands below lead. It cannot displace lead from lead chloride, and this reaction simply does not happen.",UnlockIAS_2026-10-09,"[""Science & Technology""]",,b1dc7de816223b2ecdff5570f32982acf7ddc07533aac493c5dfaa870771d757
CDS_2020_I_GK,CDS_I_2020_GK_004,CDS,2020,I,General Knowledge,4,A solution having pH equal to zero is known as,highly alkaline solution,highly acidic solution,weakly acidic solution,neutral solution,B,TRUSTED_SECONDARY,https://www.unlockias.in/cds-2020-i-general-knowledge,https://www.unlockias.in/cds-2020-i-general-knowledge/q4-solution-having-equal-zero-known,B,"Correct: B, highly acidic solution. The pH scale runs from 0 at one end to 14 at the other, and NCERT labels the ends plainly: 0 is very acidic and 14 very alkaline, with 7 in the middle for a neutral solution. pH is a measure of hydronium ion concentration, and the higher that concentration, the lower the pH, so zero is not the absence of acidity but the extreme of it. A solution at pH 0 holds hydronium ions at about 1 mole per litre, which is roughly what you get from concentrated hydrochloric acid.",UnlockIAS_2026-10-09,"[""Science & Technology""]",,1fe7fcaf971e4408260af287074474c25a27b447cfa8f9c104f977e0b448d218
CDS_2020_I_GK,CDS_I_2020_GK_005,CDS,2020,I,General Knowledge,5,Which one of the following acids is produced in human stomach?,Formic acid,Sulphuric acid,Nitric acid,Hydrochloric acid,D,TRUSTED_SECONDARY,https://www.unlockias.in/cds-2020-i-general-knowledge,https://www.unlockias.in/cds-2020-i-general-knowledge/q5-one-acids-produced-human-stomach,D,"Correct: D, Hydrochloric acid. The gastric glands in the stomach wall release three things: hydrochloric acid, the protein-splitting enzyme pepsin, and mucus. The acid does two jobs. It creates the strongly acidic medium in which pepsin can work at all, and it kills much of what arrives with the food. Mucus is what keeps the acid from digesting the stomach lining itself; when that balance tips, the result is the pain we call acidity, and the remedy is a mild base such as magnesium hydroxide.",UnlockIAS_2026-10-09,"[""Science & Technology""]",,ee65a9ef0bf769da86e0275d08522d9dc1c3b2b342aef525ff1ac485f33ec3d8
CDS_2020_I_GK,CDS_I_2020_GK_006,CDS,2020,I,General Knowledge,6,Match List-I with List-II and select the correct answer using the code given below the Lists : List-I (Compound) A. Boric acid B. Citric acid C. Magnesium hydroxide D. Acetic acid List-II (Use) 1. Antiseptic 2. Food preservative 3. Antacid 4. Pickle,A-1 B-2 C-3 D-4,A-1 B-3 C-2 D-4,A-4 B-3 C-2 D-1,A-4 B-2 C-3 D-1,A,TRUSTED_SECONDARY,https://www.unlockias.in/cds-2020-i-general-knowledge,https://www.unlockias.in/cds-2020-i-general-knowledge/q6-match-list-list-select-correct-answer-using,A,"Correct: A, A-1 B-2 C-3 D-4. Take the two easy pairs first. Magnesium hydroxide is milk of magnesia, the mild base NCERT names as the standard antacid for indigestion, so C goes to 3. Acetic acid is the acid of vinegar, and NCERT's carbon chapter records that a 5 to 8 per cent solution of acetic acid in water is called vinegar and is used widely as a preservative in pickles, so D goes to 4. That leaves boric acid and citric acid for antiseptic and food preservative. Boric acid is a long-standing mild antiseptic for minor cuts and burns and the active ingredient of boracic lint, so A goes to 1, and citric acid (used across the food industry as an acidifier, flavouring and preservative, carrying the food-additive number E330) takes 2.",UnlockIAS_2026-10-09,"[""Science & Technology""]",,493f8063f6c6ca983dec91559908ee1732f4f8bcc34133ada2ab92ec9e444f78
CDS_2020_I_GK,CDS_I_2020_GK_007,CDS,2020,I,General Knowledge,7,The property of the sound waves that determines the pitch of the sound is its,frequency,amplitude,wavelength,intensity,A,TRUSTED_SECONDARY,https://www.unlockias.in/cds-2020-i-general-knowledge,https://www.unlockias.in/cds-2020-i-general-knowledge/q7-property-sound-waves-determines-pitch-sound,A,"Correct: A, frequency. Pitch is how the brain interprets the frequency of a sound: NCERT puts it in exactly those words, and adds that the faster the source vibrates, the higher the frequency and the higher the pitch. A high-pitched sound is one whose compressions and rarefactions arrive at your ear more often per second. The other three quantities on the list describe the same wave but answer different questions: amplitude and intensity govern how loud it seems, and wavelength is fixed once frequency is fixed, because in a given medium the speed of sound is set and wavelength is speed divided by frequency.",UnlockIAS_2026-10-09,"[""Science & Technology""]",,9c017ae5781fcbad1128d2bdd0d966a27bd3949c7e3ed0263f6ea72bbdb5db55
CDS_2020_I_GK,CDS_I_2020_GK_008,CDS,2020,I,General Knowledge,8,Which one of the following is not a property of the X-rays?,They are deflected by electric fields.,They are not deflected by magnetic fields.,They have high penetration length in matter.,Their wavelength is much smaller than that of visible light.,A,TRUSTED_SECONDARY,https://www.unlockias.in/cds-2020-i-general-knowledge,https://www.unlockias.in/cds-2020-i-general-knowledge/q8-one-property-rays,A,"Correct: A, They are deflected by electric fields. X-rays are electromagnetic radiation, and electromagnetic radiation carries no electric charge. An electric field acts on charge, so it has nothing to grip; the same argument covers magnetic fields, which is why statement (b) is a true property and not the answer. This is the standard way of telling X-rays apart from beta rays and alpha rays, which are charged particles and do bend in both kinds of field. Statements (c) and (d) are also true: X-rays run from about 10 nanometres down to 10 picometres in wavelength, far shorter than visible light's 400 to 700 nanometres, and their penetrating power is what makes radiography possible.",UnlockIAS_2026-10-09,"[""Science & Technology""]",,e9d51bdd7355c9a9f7ae911e3e846cf4260bc5dd1fdb3ad8b896c0cc7048b26e
CDS_2020_I_GK,CDS_I_2020_GK_009,CDS,2020,I,General Knowledge,9,Which one of the following is not true about the image formed by a plane mirror?,It is of the same size as the subject.,It is laterally inverted.,It is real image.,It is formed as far behind the mirror as the object is in front.,C,TRUSTED_SECONDARY,https://www.unlockias.in/cds-2020-i-general-knowledge,https://www.unlockias.in/cds-2020-i-general-knowledge/q9-one-true-about-image-formed-plane-mirror,C,"Correct: C, It is real image. NCERT's summary of the plane mirror says the image is always virtual and erect, of the same size as the object, as far behind the mirror as the object is in front, and laterally inverted. Options (a), (b) and (d) are three of those four, and all are true. The claim that the image is real is false. Rays from a plane mirror diverge after reflection and never actually meet; they only appear to come from a point behind the mirror, where no light reaches. An image at a place light cannot reach cannot be caught on a screen, and that is what virtual means.",UnlockIAS_2026-10-09,"[""Science & Technology""]",,9d03fa0d0b7c8798f4f86ee5cdedf18e9010d643bff2be79c71674a76ee47632
CDS_2020_I_GK,CDS_I_2020_GK_010,CDS,2020,I,General Knowledge,10,"In a periscope, the two plane mirrors are kept",parallel to each other,perpendicular to each other,at an angle of 60° with each other,at an angle of 45° with each other,A,TRUSTED_SECONDARY,https://www.unlockias.in/cds-2020-i-general-knowledge,https://www.unlockias.in/cds-2020-i-general-knowledge/q10-periscope-two-plane-mirrors-kept,A,"Correct: A, parallel to each other. A simple periscope is a tube with a plane mirror at each end, and each mirror is tilted at 45 degrees to the axis of the tube. Light from the scene strikes the top mirror, turns through 90 degrees, runs down the tube, meets the bottom mirror and turns through 90 degrees again into the observer's eye. Two turns of 90 degrees in opposite senses bring the ray back to its original direction, and that only works if the two mirror surfaces are parallel to each other. The 45 degrees in the design describes each mirror's tilt against the tube, not the angle between the two mirrors, which is zero.",UnlockIAS_2026-10-09,"[""Science & Technology""]",,56011d5427ff33e5011c384a4e594e2bca295ef4ab0936f3a8f0852d51498718
CDS_2020_I_GK,CDS_I_2020_GK_011,CDS,2020,I,General Knowledge,11,"If the speed of light in air is 3 × 10⁸ m/s, then the speed of light in a medium of refractive index 3/2 is",2 × 10⁸ m/s,9/4 × 10⁸ m/s,3/2 × 10⁸ m/s,3 × 10⁸ m/s,A,TRUSTED_SECONDARY,https://www.unlockias.in/cds-2020-i-general-knowledge,https://www.unlockias.in/cds-2020-i-general-knowledge/q11-speed-light-air-then-speed-light-medium,A,"Correct: A, 2 × 10⁸ m/s. The refractive index of a medium is the speed of light in air divided by the speed of light in that medium. Rearranged, the speed in the medium is the speed in air divided by the refractive index. Here that is 3 × 10⁸ divided by 3/2, which is 3 × 10⁸ multiplied by 2/3, giving 2 × 10⁸ metres per second. The sense of the result is a check in itself: a refractive index greater than one means light is slower in the medium than in air, so the answer must be smaller than 3 × 10⁸, and 2 × 10⁸ is. This is NCERT's own exercise, which asks for the speed of light in glass of refractive index 1.50 given a vacuum speed of 3 × 10⁸ metres per second, with 1.50 written here as a fraction.",UnlockIAS_2026-10-09,"[""Science & Technology""]",,a7d7dde2af0183a7212fb1f6f8a8ab767b168116bae397479d0461c9c2d6e8d0
CDS_2020_I_GK,CDS_I_2020_GK_012,CDS,2020,I,General Knowledge,12,Which one of the following types of radiation has the shortest wavelength?,Radio waves,Visible light,Infrared (IR),Ultraviolet (UV),D,TRUSTED_SECONDARY,https://www.unlockias.in/cds-2020-i-general-knowledge,https://www.unlockias.in/cds-2020-i-general-knowledge/q12-one-types-radiation-shortest-wavelength,D,"Correct: D, Ultraviolet (UV). Arrange the four by wavelength and the order is fixed: radio waves are the longest, running from millimetres to kilometres; infrared comes next, roughly 700 nanometres up to a millimetre; visible light occupies about 400 to 700 nanometres; ultraviolet lies just beyond the violet end at 100 to 400 nanometres. Ultraviolet is the only one of the four shorter than visible light, so it has the shortest wavelength and, correspondingly, the highest photon energy of the group.",UnlockIAS_2026-10-09,"[""Science & Technology""]",,ec222123c9da37e61cd3a005a1329a5f4d560f3c4234000cac32f2141e276491
CDS_2020_I_GK,CDS_I_2020_GK_013,CDS,2020,I,General Knowledge,13,The unit of the force constant k of a spring is,N-m,N/m,N-m²,N/m²,B,TRUSTED_SECONDARY,https://www.unlockias.in/cds-2020-i-general-knowledge,https://www.unlockias.in/cds-2020-i-general-knowledge/q13-unit-force-constant-spring,B,"Correct: B, N/m. The force constant of a spring comes from Hooke's law, which says the restoring force is proportional to the extension: F equals k times x. Rearranged, k equals F divided by x, so its unit is the unit of force divided by the unit of length: newton per metre. Read physically, k is the force needed to stretch or compress the spring by one metre, so a stiff spring has a large k and a slack one a small k. Every unit question of this kind is settled the same way: write the defining equation, make the wanted quantity the subject, and substitute units for symbols.",UnlockIAS_2026-10-09,"[""Science & Technology""]",,71f7591e95c39ad3a61a7fd0164358b40ba9fb5077984187acff3477c10d7450
CDS_2020_I_GK,CDS_I_2020_GK_014,CDS,2020,I,General Knowledge,14,Which one of the following is not an epidemic disease?,Cholera,Malaria,Smallpox,Elephantiasis,D,TRUSTED_SECONDARY,https://www.unlockias.in/cds-2020-i-general-knowledge,https://www.unlockias.in/cds-2020-i-general-knowledge/q14-one-epidemic-disease,D,"Correct: D, Elephantiasis. An epidemic is a rapid rise of a disease to a large number of cases in a population within a short period. Cholera, malaria and smallpox all behave that way: cholera flares after floods and in crowded camps, malaria surges in transmission seasons and after population movement, and smallpox spread explosively from person to person until vaccination stopped it. Elephantiasis does not. It is the late, disfiguring swelling of lymphatic filariasis . It builds only after repeated infected mosquito bites over months or years, with the worms taking about a year to mature and then living five to eight years. A condition that needs years of repeated exposure in one place cannot produce the short, sharp curve of an epidemic. It is endemic instead, held at a steady level wherever the vector and the parasite persist.",UnlockIAS_2026-10-09,"[""Science & Technology""]",,d9996d8e659647386383b8671709317b2a6e919b7d58f66461b36824985a4447
CDS_2020_I_GK,CDS_I_2020_GK_015,CDS,2020,I,General Knowledge,15,Which one of the following animals has a three-chambered heart?,Scoliodon,Salamander,Pigeon,Human being,B,TRUSTED_SECONDARY,https://www.unlockias.in/cds-2020-i-general-knowledge,https://www.unlockias.in/cds-2020-i-general-knowledge/q15-one-animals-three-chambered-heart,B,"Correct: B, Salamander. Heart chambers track how an animal manages its body temperature. Amphibians and most reptiles have three-chambered hearts (two atria and a single ventricle) and tolerate some mixing of oxygenated and deoxygenated blood, because they do not spend energy keeping their body warm. A salamander is an amphibian, so three chambers is exactly right. Fishes have two chambers, and blood passes through the heart once per circuit. Birds and mammals, which burn energy constantly to hold their temperature steady, need fully separated streams and so have four chambers.",UnlockIAS_2026-10-09,"[""Science & Technology""]",,e4d93260835d7ed1bcd4f502a11605ba1d06f67c9ec7b0187bb9d559a9dc1537
CDS_2020_I_GK,CDS_I_2020_GK_016,CDS,2020,I,General Knowledge,16,Which one of the following is the correct sequence of events during sexual reproduction in plants?,"Seedling, formation of embryo, pollination, fertilization, division of zygote","Formation of embryo, seedling, pollination, fertilization, division of zygote","Pollination, fertilization, division of zygote, formation of embryo, seedling","Seedling, formation of embryo, division of zygote, pollination, fertilization",C,TRUSTED_SECONDARY,https://www.unlockias.in/cds-2020-i-general-knowledge,https://www.unlockias.in/cds-2020-i-general-knowledge/q16-one-correct-sequence-events-during-sexual-reproduction,C,"Correct: C, Pollination, fertilization, division of zygote, formation of embryo, seedling. The order follows the plant's own logic. Pollen has to reach the stigma first, and that transfer is pollination. A tube then grows from the pollen grain down through the style to the ovule, where the male germ cell fuses with the egg (fertilisation) and the fusion produces the zygote. The zygote divides repeatedly to form an embryo inside the ovule, the ovule hardens into a seed and the ovary ripens into a fruit. Only when the seed germinates under suitable conditions does the embryo grow into a seedling. Nothing can be shuffled: no fertilisation without pollination, no zygote without fertilisation, no embryo without a dividing zygote, and no seedling without an embryo.",UnlockIAS_2026-10-09,"[""Science & Technology""]",,462f9eb74e8047743f1a432a9adb1ea4c197caf1782d7fd4680b56fbeac346fb
CDS_2020_I_GK,CDS_I_2020_GK_017,CDS,2020,I,General Knowledge,17,"When air is blown from mouth into a test tube containing limewater, the limewater turns milky. This is due to the presence of",water vapour,oxygen,carbon dioxide,carbon monoxide,C,TRUSTED_SECONDARY,https://www.unlockias.in/cds-2020-i-general-knowledge,https://www.unlockias.in/cds-2020-i-general-knowledge/q17-air-blown-mouth-test-tube-containing-limewater,C,"Correct: C, carbon dioxide. Limewater is a solution of calcium hydroxide, and carbon dioxide turns it milky by forming a white precipitate of calcium carbonate: the reaction NCERT writes as calcium hydroxide in solution plus carbon dioxide gas giving solid calcium carbonate and water. Exhaled air carries roughly four per cent carbon dioxide against the 0.04 per cent in ordinary air, which is more than enough to cloud the solution in seconds. That is why blowing through a straw into limewater is the standard classroom demonstration that respiration releases carbon dioxide. Keep bubbling gas through and the milkiness clears again as the insoluble carbonate turns into soluble calcium hydrogencarbonate.",UnlockIAS_2026-10-09,"[""Environment & Ecology""]",,10f289b61b59afa6dadd7aaf65bd180c09d21505b0543b171819c855510da62f
CDS_2020_I_GK,CDS_I_2020_GK_018,CDS,2020,I,General Knowledge,18,Which one of the following is the ‘energy currency’ for cellular processes?,Glucose,ATP,ADP,Pyruvic acid,B,TRUSTED_SECONDARY,https://www.unlockias.in/cds-2020-i-general-knowledge,https://www.unlockias.in/cds-2020-i-general-knowledge/q18-one-energy-currency-cellular-processes,B,"Correct: B, ATP. The phrase in the question is lifted from NCERT, which states that ATP is the energy currency for most cellular processes. Respiration breaks glucose down and the energy released is used at once to build ATP from ADP and inorganic phosphate. Cells then spend that ATP wherever work is needed (muscle contraction, protein synthesis, nerve impulses) by breaking the terminal phosphate linkage, which releases about 30.5 kilojoules per mole. The comparison NCERT draws is with a battery: one store of energy that can be drawn on for many different kinds of task.",UnlockIAS_2026-10-09,"[""Science & Technology""]",,dbfe975aa2be5a9d5526c4a0874862da7dce20e74faaf1961c109a9d928129f4
CDS_2020_I_GK,CDS_I_2020_GK_019,CDS,2020,I,General Knowledge,19,Which one of the following is the first enzyme to mix with food in the digestive tract?,Trypsin,Cellulose,Pepsin,Amylase,D,TRUSTED_SECONDARY,https://www.unlockias.in/cds-2020-i-general-knowledge,https://www.unlockias.in/cds-2020-i-general-knowledge/q19-one-first-enzyme-mix-food-digestive-tract,D,"Correct: D, Amylase. Digestion begins in the mouth, before food has gone anywhere else. Saliva from the salivary glands contains salivary amylase, which starts breaking starch down into simpler sugars while the tongue mixes the food. Anything secreted further along the canal necessarily meets the food later: pepsin waits in the stomach and trypsin further on in the small intestine. So the first enzyme to mix with food in the digestive tract is amylase, and the reason is anatomical order rather than any property of the enzyme itself.",UnlockIAS_2026-10-09,"[""Science & Technology""]",,60e8c30cbd7673cc4bc9a9a148c9c72a0395b62bd4230fd06c274f6a906c38df
CDS_2020_I_GK,CDS_I_2020_GK_020,CDS,2020,I,General Knowledge,20,"Mahatma Gandhi’s Dandi March, a great event in Indian freedom struggle, was associated with",iron,sodium chloride,sulphur,aluminium,B,TRUSTED_SECONDARY,https://www.unlockias.in/cds-2020-i-general-knowledge,https://www.unlockias.in/cds-2020-i-general-knowledge/q20-mahatma-gandhi-dandi-march-great-event-indian,B,"Correct: B, sodium chloride. The Dandi March was a protest against the British salt monopoly and the tax it carried, and common salt is sodium chloride. Gandhi left Sabarmati Ashram on 12 March 1930 with 78 volunteers and walked about 385 kilometres to the coastal village of Dandi in Gujarat, reaching it on 5 April. At half past eight on the morning of 6 April he picked up natural salt from the shore and broke the Salt Act of 1882. The choice of salt was deliberate: it was a necessity every household bought, rich and poor alike, so a tax on it touched everyone and the law could be broken by anyone who walked to the sea.",UnlockIAS_2026-10-09,"[""Modern History""]",,1a4bbd48f71865d7d8da250a29f70f4ad3c769ffce166223836e1da78c6f9206
CDS_2020_I_GK,CDS_I_2020_GK_021,CDS,2020,I,General Knowledge,21,Match List–I with List–II and select the correct answer using the code given below the Lists: List–I (Name) A. Bleaching powder B. Baking soda C. Washing soda D. Slaked lime List–II (Formula) 1. NaHCO₃ 2. Na₂CO₃·10H₂O 3. Ca(OH)₂ 4. CaOCl₂,A B C D 4 1 2 3,A B C D 4 2 1 3,A B C D 3 2 1 4,A B C D 3 1 2 4,A,TRUSTED_SECONDARY,https://www.unlockias.in/cds-2020-i-general-knowledge,https://www.unlockias.in/cds-2020-i-general-knowledge/q21-match-list-list-select-correct-answer-using,A,"Correct: A, A B C D 4 1 2 3. Take the formulae one at a time. Bleaching powder is written CaOCl₂ and is made by passing chlorine over dry slaked lime, so A goes to 4. Baking soda is sodium hydrogencarbonate, NaHCO₃, so B goes to 1. Washing soda is Na₂CO₃·10H₂O (sodium carbonate with ten water molecules of crystallisation) so C goes to 2. Slaked lime is calcium hydroxide, Ca(OH)₂, the base that limewater is made from and that bleaching powder is made out of, so D goes to 3. That is 4, 1, 2, 3 in order.",UnlockIAS_2026-10-09,"[""Environment & Ecology""]",,dfe8b679fb24f7db27b5133551cf8bbd5725e1ddf001217b82f0a282e7291678
CDS_2020_I_GK,CDS_I_2020_GK_022,CDS,2020,I,General Knowledge,22,The number of water molecules associated with copper sulphate molecule to form crystals is,2,4,5,6,C,TRUSTED_SECONDARY,https://www.unlockias.in/cds-2020-i-general-knowledge,https://www.unlockias.in/cds-2020-i-general-knowledge/q22-number-water-molecules-associated-copper-sulphate-molecule,C,"Correct: C, 5. Hydrated copper sulphate is CuSO₄·5H₂O, and NCERT puts it plainly: five water molecules are present in one formula unit of copper sulphate. Those five are the water of crystallisation, a fixed number of water molecules built into the crystal rather than moisture clinging to its surface, which is why the dry blue crystals do not feel wet. Heat them and the water is driven off, leaving anhydrous copper sulphate, which is white; add water back and the colour returns. That reversible change is itself the classic school test for the presence of water.",UnlockIAS_2026-10-09,"[""Science & Technology""]",,8531d23937640dc515732a5e0bc7ca4bbfcd1d18c91d3eeba44c103f921765f6
CDS_2020_I_GK,CDS_I_2020_GK_023,CDS,2020,I,General Knowledge,23,Silver articles become black after some time when exposed to air because,silver gets oxidized to silver oxide,silver reacts with moist carbon dioxide in the air to form silver carbonate,silver reacts with sulphur in the air to form a coating of silver sulphide,silver reacts with nitrogen oxides in the air to form silver nitrate,C,TRUSTED_SECONDARY,https://www.unlockias.in/cds-2020-i-general-knowledge,https://www.unlockias.in/cds-2020-i-general-knowledge/q23-silver-articles-become-black-after-some-time,C,"Correct: C, silver reacts with sulphur in the air to form a coating of silver sulphide. The stem and this option are NCERT's own sentences on corrosion, almost word for word: silver articles become black after some time when exposed to air, because the metal reacts with sulphur in the air to form a coating of silver sulphide. The compound is Ag₂S, a dense black solid, and the sulphur reaching the metal is mainly traces of hydrogen sulphide in the atmosphere. The film is thin and self-limiting, which is why tarnish dulls silverware without eating it away.",UnlockIAS_2026-10-09,"[""Science & Technology""]",,c3522c9e44e029d9c8f8af6f1b84af5526bb178926aa7ef7658c236e287c2ea3
CDS_2020_I_GK,CDS_I_2020_GK_024,CDS,2020,I,General Knowledge,24,"If x is the temperature of a system in Kelvin and y is the temperature of the system in °C, then the correct relation between them is",x = 273 − y,x = 273 + y,x = 173 + y,x = 173 − y,B,TRUSTED_SECONDARY,https://www.unlockias.in/cds-2020-i-general-knowledge,https://www.unlockias.in/cds-2020-i-general-knowledge/q24-temperature-system-kelvin-temperature-system-then-correct,B,"Correct: B, x = 273 + y. The Kelvin and Celsius scales are graded in steps of the same size (a rise of one kelvin and a rise of one degree Celsius are the same amount of warming) but their zeros sit in different places. Absolute zero, 0 K, is −273.15 °C, so the Kelvin reading is always the Celsius reading shifted up by 273.15, rounded in school work to 273. Test it on a familiar pair: water freezes at 0 °C, which is 273 K, and boils at 100 °C, which is 373 K. Both fit x = 273 + y and none of the other three options survive either check.",UnlockIAS_2026-10-09,"[""Science & Technology""]",,6cad394e1721cf84498d4e73dc065787fba25302ebe7507a0ca3406cb43fed0d
CDS_2020_I_GK,CDS_I_2020_GK_025,CDS,2020,I,General Knowledge,25,The resistivity ρ of a material may be expressed in units of,ohm,ohm/cm,ohm-cm,ohm-cm²,C,TRUSTED_SECONDARY,https://www.unlockias.in/cds-2020-i-general-knowledge,https://www.unlockias.in/cds-2020-i-general-knowledge/q25-resistivity-material-expressed-units,C,"Correct: C, ohm-cm. Resistivity comes from the relation between resistance, length and cross-sectional area: R equals rho times length divided by area, so rho equals R times area divided by length. Substituting units gives ohm times square centimetre divided by centimetre, which is ohm-centimetre. In SI the same argument gives the ohm-metre, and that is how the quantity is formally defined: a cube of material one metre on a side with a resistance of one ohm between opposite faces has a resistivity of one ohm-metre. Ohm-centimetre is the same quantity in centimetre-gram-second units, and it is still common in materials data.",UnlockIAS_2026-10-09,"[""Science & Technology""]",,82dfa268b706bfd5e550d405951c433799b3afba2794a8a02260d14b6c3344ff
CDS_2020_I_GK,CDS_I_2020_GK_026,CDS,2020,I,General Knowledge,26,"The electromagnetic waves, which are used for satellite communication, are",infrared radiations,ultraviolet radiations,radio waves,visible lights,C,TRUSTED_SECONDARY,https://www.unlockias.in/cds-2020-i-general-knowledge,https://www.unlockias.in/cds-2020-i-general-knowledge/q26-electromagnetic-waves-satellite-communication,C,"Correct: C, radio waves. A satellite link is a radio link. Communications satellites work across a wide range of radio and microwave frequencies (the C, Ku and Ka bands for civil traffic, UHF, SHF and EHF for military systems) and the microwave bands used for most of that traffic are themselves the short-wavelength end of the radio spectrum. The physical reason radio is the right choice is that these wavelengths pass through the atmosphere and through cloud with little absorption, and can be focused by a dish of practical size. The whole point of putting a relay in orbit is that terrestrial radio links travel by line of sight and are blocked by the curve of the Earth; the satellite carries the signal over that curve.",UnlockIAS_2026-10-09,"[""Science & Technology""]",,715174aa14c5a1b263da005ea462c0cd78660039e147932fec96c27c90f153b7
CDS_2020_I_GK,CDS_I_2020_GK_027,CDS,2020,I,General Knowledge,27,Which one of the following is the correct sequence of organs that occur in the path of urine flow in human body?,"Kidney, ureter, urinary bladder, urethra","Kidney, urinary bladder, ureter, urethra","Kidney, ureter, urethra, urinary bladder","Urinary bladder, kidney, urethra, ureter",A,TRUSTED_SECONDARY,https://www.unlockias.in/cds-2020-i-general-knowledge,https://www.unlockias.in/cds-2020-i-general-knowledge/q27-one-correct-sequence-organs-occur-path-urine,A,"Correct: A, Kidney, ureter, urinary bladder, urethra. The human excretory system is a pair of kidneys, a pair of ureters, a urinary bladder and a urethra, and urine moves through them in that order. NCERT puts it in one sentence: urine produced in the kidneys passes through the ureters into the urinary bladder, where it is stored until it is released through the urethra. Filtration happens in the nephrons of the kidney, so the kidney has to come first; the bladder is the store, so it must sit between the tubes that fill it and the tube that empties it; and the urethra is the single exit, so it must come last.",UnlockIAS_2026-10-09,"[""Science & Technology""]",,2816204227eddc45995aa226ae3c642823a80771b5d2845054d6abc55cfe6d01
CDS_2020_I_GK,CDS_I_2020_GK_028,CDS,2020,I,General Knowledge,28,Which of the following endocrine glands is not found in pair in humans?,Adrenal,Pituitary,Testis,Ovary,B,TRUSTED_SECONDARY,https://www.unlockias.in/cds-2020-i-general-knowledge,https://www.unlockias.in/cds-2020-i-general-knowledge/q28-endocrine-glands-found-pair-humans,B,"Correct: B, Pituitary. The pituitary is a single gland on the midline. It hangs from the base of the brain below the hypothalamus and sits in the sella turcica, a hollow in the sphenoid bone, and it is roughly the size and shape of a kidney bean, about a centimetre across. The other three glands on the list come in pairs, because they are bilateral organs. The adrenals sit one above each kidney, and the gonads (testes in males and ovaries in females) are a pair in each case. So the pituitary is the only unpaired gland named here.",UnlockIAS_2026-10-09,"[""Science & Technology""]",,9f8c6e43efdbd17053dfd0407cd2e0fa24204173dde588d13ea9343ca2ef7a14
CDS_2020_I_GK,CDS_I_2020_GK_029,CDS,2020,I,General Knowledge,29,Which one of the following cell organelles contains DNA?,Golgi apparatus,Mitochondrion,Lysosome,Endoplasmic reticulum,B,TRUSTED_SECONDARY,https://www.unlockias.in/cds-2020-i-general-knowledge,https://www.unlockias.in/cds-2020-i-general-knowledge/q29-one-cell-organelles-contains-dna,B,"Correct: B, Mitochondrion. Most of a cell's DNA is in the nucleus, but the mitochondrion carries a small genome of its own: in humans a circular molecule of 16,569 base pairs coding for 13 proteins, all of them subunits of the oxidative phosphorylation machinery. It also has its own ribosomes and makes some of its own protein. The reason is evolutionary: mitochondria descend from bacteria engulfed by the ancestors of modern cells, and the endosymbiotic theory explains the retained circular genome as a relic of that ancestry. In plant cells the plastids, including chloroplasts, hold DNA for the same reason. The Golgi apparatus, lysosomes and endoplasmic reticulum have none.",UnlockIAS_2026-10-09,"[""Science & Technology""]",,4c52305319b7c504d6152901569ba248c4f0a52795b81a140a69ba2e273c0bb0
CDS_2020_I_GK,CDS_I_2020_GK_030,CDS,2020,I,General Knowledge,30,Who among the following scientists introduced the concept of immunization to the medical world?,Edward Jenner,Robert Koch,Robert Hooke,Carl Linnaeus,A,TRUSTED_SECONDARY,https://www.unlockias.in/cds-2020-i-general-knowledge,https://www.unlockias.in/cds-2020-i-general-knowledge/q30-among-scientists-introduced-concept-immunization-medical-world,A,"Correct: A, Edward Jenner. Jenner, an English physician, tested the country observation that people who had caught cowpox did not take smallpox. On 14 May 1796 he inoculated James Phipps, the eight-year-old son of his gardener, with matter from cowpox blisters on the hand of a milkmaid, Sarah Nelmes. Phipps developed a fever and nothing more. On 1 July that year Jenner challenged him with smallpox material by the usual method of the time, and no disease followed. Others had tried cowpox before him; his distinct contribution was to prove that those inoculated were then immune, and to show the protection could be passed from person to person. The words vaccine and vaccination come from his term for cowpox, variolae vaccinae, the pustules of the cow.",UnlockIAS_2026-10-09,"[""Science & Technology""]",,9a1a82479d13f59ab94df96de9d539e22c9130cb8cdcda31a6f95da579874fee
CDS_2020_I_GK,CDS_I_2020_GK_031,CDS,2020,I,General Knowledge,31,"On 31st December, 1929, in which one of the following Congress Sessions was proclamation of Purna Swaraj made?",Ahmedabad,Calcutta,Lahore,Lucknow,C,TRUSTED_SECONDARY,https://www.unlockias.in/cds-2020-i-general-knowledge,https://www.unlockias.in/cds-2020-i-general-knowledge/q31-31st-december-1929-one-congress-sessions-proclamation,C,"Correct: C, Lahore. The Congress met at Lahore in the last week of December 1929 with Jawaharlal Nehru in the chair. There the party abandoned dominion status as its goal and resolved on Purna Swaraj : complete independence. The date the paper fixes on, 31st December 1929, is the night the resolution was made public on the bank of the Ravi, when the tricolour of independence went up at midnight. The session fixed 26 January 1930 as the day to observe as Independence Day. It also asked Congress members to withdraw from the legislatures and authorised the Working Committee to launch civil disobedience: the road that led to the Dandi March three months later.",UnlockIAS_2026-10-09,"[""Modern History""]",,4c1b63b9e3c924eb905ed88e330f1b2f2be2865e206625d1b57ebd3aa98df40e
CDS_2020_I_GK,CDS_I_2020_GK_032,CDS,2020,I,General Knowledge,32,Which one of the following Acts reserved seats for women in Legislatures in accordance with the allocation of seats for different communities?,"The Government of India Act, 1858","The Indian Councils Act, 1909","The Government of India Act, 1919","The Government of India Act, 1935",D,TRUSTED_SECONDARY,https://www.unlockias.in/cds-2020-i-general-knowledge,https://www.unlockias.in/cds-2020-i-general-knowledge/q32-one-acts-reserved-seats-women-legislatures-accordance,D,"Correct: D, The Government of India Act, 1935. This is the statute that first set aside seats for women in Indian legislatures and then distributed those seats across the communal blocks (general, Muslim, Sikh, Indian Christian, Anglo-Indian) into which the electorate had already been divided. The scheme came out of the Second Round Table Conference, which recommended both that each provincial legislature reserve seats for named communities and that about 2.5 per cent of the total seats go to women. The 1935 Act carried that recommendation into law, reserving the women's seats in the lower houses of the provinces while shutting women out of the upper chambers altogether. It also widened the franchise so that roughly six million women could vote, up from a few hundred thousand.",UnlockIAS_2026-10-09,"[""International Relations""]",,1ef6073e2fc3232b91f724f491b4dfef894a43aa5ba0b464b627aac844311a3a
CDS_2020_I_GK,CDS_I_2020_GK_033,CDS,2020,I,General Knowledge,33,Which one among the following was demanded by the All India Depressed Classes Leaders' Conference at Bombay in 1931?,Universal adult suffrage,Separate electorates for untouchables,Reserved seats for the minorities,A unitary State in India,B,TRUSTED_SECONDARY,https://www.unlockias.in/cds-2020-i-general-knowledge,https://www.unlockias.in/cds-2020-i-general-knowledge/q33-one-among-demanded-all-india-depressed-classes,B,"Correct: B, Separate electorates for untouchables. Through 1931 the leadership of the Depressed Classes, headed by B. R. Ambedkar, pressed one demand above all: that the untouchable castes should elect their own representatives from their own rolls, rather than be chosen by an electorate the caste Hindus dominated. At the Round Table Conferences Ambedkar argued that caste-Hindu reformers could not represent the Depressed Classes, who needed leaders of their own. The demand was conceded a year later: Ramsay MacDonald's Communal Award of 16 August 1932 extended separate electorates to them, reserving seats in the legislatures. Gandhi's fast unto death in Yerwada jail then forced the Poona Pact of 24 September 1932, which kept the seats but put them inside a joint Hindu electorate.",UnlockIAS_2026-10-09,"[""Modern History""]",,bcddc3a64bead9515dc05c2ab30de51aa57b67f3317aefe751a357167c638f71
CDS_2020_I_GK,CDS_I_2020_GK_034,CDS,2020,I,General Knowledge,34,Who among the following was one of the founders of the Indian Society of Oriental Art?,Rabindranath Tagore,Abanindranath Tagore,Dwarakanath Tagore,Bankim Chandra Chattopadhyaya,B,TRUSTED_SECONDARY,https://www.unlockias.in/cds-2020-i-general-knowledge,https://www.unlockias.in/cds-2020-i-general-knowledge/q34-among-one-founders-indian-society-oriental-art,B,"Correct: B, Abanindranath Tagore. The Indian Society of Oriental Art was founded in Calcutta in 1907 by the brothers Gaganendranath and Abanindranath Tagore, with a group of Europeans in the city backing it and Lord Kitchener as its first president. Abanindranath was the moving spirit of what came to be called the Bengal School: he had trained in European academic technique, turned away from it, and looked instead to Mughal and Rajput miniature and to Japanese wash for a way of painting that would be recognisably Indian. The Society gave that project an institution: exhibitions, a journal and a teaching circle out of which Nandalal Bose, Asit Kumar Haldar and Kshitindranath Majumdar came. Art historians classify his work as revivalist for exactly this reason.",UnlockIAS_2026-10-09,"[""Science & Technology""]",,d1c0befdc064b28ad0783c4934f9c053d79c96910e2e493c45187f716b324f74
CDS_2020_I_GK,CDS_I_2020_GK_035,CDS,2020,I,General Knowledge,35,Who among the following Sultans succeeded in finally breaking and destroying the power of Turkan-i-Chihalgani?,Iltutmish,Balban,Alauddin Khalji,Muhammad bin Tughluq,B,TRUSTED_SECONDARY,https://www.unlockias.in/cds-2020-i-general-knowledge,https://www.unlockias.in/cds-2020-i-general-knowledge/q35-among-sultans-succeeded-finally-breaking-destroying-power,B,"Correct: B, Balban. The Turkan-i-Chihalgani, the Corps of Forty, was the body of Turkish nobles built up by Iltutmish, and after his death in 1236 it made and unmade sultans for thirty years. Balban knew it from the inside: he had been one of the Forty himself, and had risen through it as naib to the puppet sultan Nasiruddin Mahmud. Once he took the throne in his own name in 1266 he set about destroying it: rivals were poisoned, demoted or sent to distant posts, and their place was taken by a court theory that put the sultan beyond the reach of any noble. He called himself Zil-i-Ilahi, the Shadow of God, claimed descent from the legendary Afrasiyab, and made courtiers perform sijda and paibos. A network of barids reporting only to him watched the rest.",UnlockIAS_2026-10-09,"[""Medieval History""]",,4c504dd302f231abf2643bbc4f68fa00c1e88d999e09d9bab95430fdbcb5b691
CDS_2020_I_GK,CDS_I_2020_GK_036,CDS,2020,I,General Knowledge,36,Who among the following Mongol leaders/commanders did not cross Indus to attack India?,Chenghiz Khan,Tair Bahadur,Abdullah,Qutlugh Khwaja,A,TRUSTED_SECONDARY,https://www.unlockias.in/cds-2020-i-general-knowledge,https://www.unlockias.in/cds-2020-i-general-knowledge/q36-among-mongol-leaders-commanders-cross-indus-attack,A,"Correct: A, Chenghiz Khan. Genghis Khan reached the Indus in 1221 while hunting down Jalal al-Din Mingburnu, the fugitive prince of Khwarazm, and beat him at the Battle of the Indus. Jalal al-Din swam the river and escaped eastwards; Genghis did not follow. He detached two tumens under Dorbei the Fierce and Bala to continue the chase and himself turned back, so the one Mongol name every student knows is the one that never crossed into India. The other three did. Abdullah, a Negudari governor descended from the family of Chagatai, brought a force into the Punjab in 1292 and was beaten by Jalaluddin Khalji. Qutlugh Khwaja, a son of Duwa Khan, marched on Delhi itself in late 1299, was badly wounded at the battle of Kili and died on the way home. Tair Bahadur is likewise recorded among the Mongol commanders who campaigned into India.",UnlockIAS_2026-10-09,"[""Geography""]",,c4e33a66e07d45b2629e4d14489ac1abcb0b0180b26f3c0d32ab8f8be3f1e186
CDS_2020_I_GK,CDS_I_2020_GK_037,CDS,2020,I,General Knowledge,37,"In the region of eastern shore of Adriatic Sea, a cold and dry wind blowing down from the mountain is known as",Mistral,Bora,Bise,Blizzard,B,TRUSTED_SECONDARY,https://www.unlockias.in/cds-2020-i-general-knowledge,https://www.unlockias.in/cds-2020-i-general-knowledge/q37-region-eastern-shore-adriatic-sea-cold-dry,B,"Correct: B, Bora. The bora is a northerly to north-easterly katabatic wind of the Adriatic: cold, dry and violently gusty, pouring down the Dinaric ranges onto the coasts of Slovenia, Croatia and Montenegro and onto Trieste. Cold dense air ponds over the snow-covered plateaus behind the coast; when it spills over the ridge it warms as it descends, but it starts so cold that it still arrives at sea level as a cold wind. That is the detail the stem is pointing at. Bora gusts have been clocked above 220 km/h, with 248 km/h recorded at the Maslenica Bridge near Zadar, and the wind is commonest in winter.",UnlockIAS_2026-10-09,"[""Geography""]",,f4ef9d577faf7611db1a7eb7d67e25f2e465d05c46ecadf68320ac509901bcb6
CDS_2020_I_GK,CDS_I_2020_GK_038,CDS,2020,I,General Knowledge,38,Nyishi tribe is found mainly in,Andaman and Nicobar,Arunachal Pradesh,Nilgiri-Kerala,Kashmir Valley,B,TRUSTED_SECONDARY,https://www.unlockias.in/cds-2020-i-general-knowledge,https://www.unlockias.in/cds-2020-i-general-knowledge/q38-nyishi-tribe-found-mainly,B,"Correct: B, Arunachal Pradesh. The Nyishi are the most populous tribe of Arunachal Pradesh, about 249,824 people at the 2011 Census, just ahead of the Adi. They are spread across a broad belt of the state (Kra Daadi, Kurung Kumey, East Kameng, West Kameng, Papum Pare, Keyi Panyor, Lower Subansiri, Kamle and Pakke Kessang) and spill over into Sonitpur and North Lakhimpur districts of Assam. The traditional man's headgear is a cane helmet topped by a hornbill beak, called pudum or padam, and the demand for beaks once told badly on hornbill numbers. Since 2011 the Hornbill Nest Adoption Programme has turned Nyishi men who used to hunt the birds into paid protectors of their nests in the forests around Pakke Tiger Reserve.",UnlockIAS_2026-10-09,"[""Geography""]",,bfdf8987076ebcea23285c05b7553eb821bd2b16813e7806fc55ba254a4d2a3c
CDS_2020_I_GK,CDS_I_2020_GK_039,CDS,2020,I,General Knowledge,39,"In the field of tourism, which one of the following Indian States is described as 'One State Many Worlds'?",Assam,West Bengal,Karnataka,Rajasthan,C,TRUSTED_SECONDARY,https://www.unlockias.in/cds-2020-i-general-knowledge,https://www.unlockias.in/cds-2020-i-general-knowledge/q39-field-tourism-one-indian-states-described-one,C,"Correct: C, Karnataka. 'One State Many Worlds' was the tourism tagline of Karnataka, and the claim behind it is a real one: the state runs from the Konkan beaches through the Western Ghats rainforest to the dry Deccan plateau, and its monuments cover Badami and Aihole, Pattadakal, Belur and Halebidu, Hampi, Bijapur, Srirangapatna and Mysuru. Karnataka holds 507 of India's roughly 3,600 centrally protected monuments, second only to Uttar Pradesh, with another 752 protected by the state's own Directorate of Archaeology and Museums. It was ranked the third most popular state for tourism in 2014. Present-day note: Karnataka Tourism now fronts a different campaign line, 'Raaga, Ruchi, Rachane', so a student meeting this item today will not find the old slogan on the department's home page.",UnlockIAS_2026-10-09,"[""Art & Culture""]",,ce92840226ef1838df5c8e344948e355040355cd76557de3a226ef245d25beca
CDS_2020_I_GK,CDS_I_2020_GK_040,CDS,2020,I,General Knowledge,40,The number of people per unit area of arable land is termed as,agricultural density,arithmetic density,physiological density,economic density,C,TRUSTED_SECONDARY,https://www.unlockias.in/cds-2020-i-general-knowledge,https://www.unlockias.in/cds-2020-i-general-knowledge/q40-number-people-per-unit-area-arable-land,C,"Correct: C, physiological density. Human geography uses three density measures off the same population figure, and they differ only in what goes in the denominator. Arithmetic density divides total population by total land area. Physiological density divides total population by the area of arable land: exactly the ratio the stem describes. Agricultural density divides the farming or rural population by the area of arable land. The point of the second measure is that it says something the first cannot: two countries can share an arithmetic density and be nothing alike if one is mostly cultivable and the other mostly desert or mountain. Egypt is the standard illustration, with a modest arithmetic density and an enormous physiological one, because almost the whole population is packed onto the Nile's floodplain.",UnlockIAS_2026-10-09,"[""Geography""]",,d5c1429591c66d0841f908f8b0a3bcaee7e3c79d00690b254211234ba1a246f2
CDS_2020_I_GK,CDS_I_2020_GK_041,CDS,2020,I,General Knowledge,41,Which one of the following rivers joins Ganga directly?,Chambal,Son,Betwa,Ken,B,TRUSTED_SECONDARY,https://www.unlockias.in/cds-2020-i-general-knowledge,https://www.unlockias.in/cds-2020-i-general-knowledge/q41-one-rivers-joins-ganga-directly,B,"Correct: B, Son. The Son rises on the Amarkantak plateau, close to the source of the Narmada, and runs north-east across Madhya Pradesh, Jharkhand and Bihar to meet the Ganga a little upstream of Patna, near Maner. It is the Ganga's largest southern tributary and the only one of the four named rivers that reaches the Ganga at all. The other three are second-order rivers of the same peninsular block: Chambal, Betwa and Ken all flow north into the Yamuna, and their water reaches the Ganga only when the Yamuna itself joins it at Prayagraj. Amarkantak is worth fixing in memory because two great rivers part there: the Son turning north-east for the Bay of Bengal by way of the Ganga, the Narmada running west to the Arabian Sea.",UnlockIAS_2026-10-09,"[""Geography""]",,6e9b10118e3d286df3a95a92ac7a8c6bca5c06bfebe06e4954a44468f0e4cd97
CDS_2020_I_GK,CDS_I_2020_GK_042,CDS,2020,I,General Knowledge,42,Which one of the following is not a type of commercial agriculture?,Dairy farming,Grain farming,Livestock ranching,Intensive subsistence agriculture,D,TRUSTED_SECONDARY,https://www.unlockias.in/cds-2020-i-general-knowledge,https://www.unlockias.in/cds-2020-i-general-knowledge/q42-one-type-commercial-agriculture,D,"Correct: D, Intensive subsistence agriculture. The textbook split is between subsistence agriculture, where the farming household consumes almost everything it grows, and commercial agriculture, where the crop or the herd is raised for sale. Subsistence farming has two branches: primitive subsistence, which is shifting cultivation, and intensive subsistence, the densely worked smallholdings of monsoon Asia. Intensive subsistence agriculture therefore belongs on the far side of the line from every other option here. Dairy farming, grain farming and livestock ranching are all standard commercial types, along with mixed farming, plantation agriculture, Mediterranean agriculture and market gardening. The word intensive is what makes the option tempting: intensive says how hard the land is worked, not who the produce is grown for.",UnlockIAS_2026-10-09,"[""Geography""]",,54d5c75be6b437f57183d3821526ddce78881cea9c0612f70d84c56c9bcc7a17
CDS_2020_I_GK,CDS_I_2020_GK_043,CDS,2020,I,General Knowledge,43,Which one of the following is not a land use category?,Forestland,Pasture land,Marginal land,Barren and wasteland,C,TRUSTED_SECONDARY,https://www.unlockias.in/cds-2020-i-general-knowledge,https://www.unlockias.in/cds-2020-i-general-knowledge/q43-one-land-category,C,"Correct: C, Marginal land. Indian land-use statistics come from the land revenue records, and they run to nine named heads: forests; barren and wastelands; land put to non-agricultural uses; area under permanent pastures and grazing lands; area under miscellaneous tree crops and groves; culturable wasteland; current fallow; fallow other than current fallow; and net area sown. Marginal land is not one of them. It is a real phrase in economic geography, used of land that only just repays cultivation and comes under the plough when pressure on land rises, but it is a description rather than a record head, and no revenue clerk enters anything under it. The other three options map onto the list: forestland to forests, pasture land to permanent pastures and grazing lands, and barren and wasteland to the category of that name.",UnlockIAS_2026-10-09,"[""Geography""]",,b8ab559fab6f5dede64d5f8df3cf07046f797bc1838dbcf20826faa41f33ca48
CDS_2020_I_GK,CDS_I_2020_GK_044,CDS,2020,I,General Knowledge,44,Which one of the following is not an objective of the MGNREGA?,Providing up to 100 days of skilled labour in a financial year,Creation of productive assets,Enhancing livelihood security,Ensuring empowerment to women,A,TRUSTED_SECONDARY,https://www.unlockias.in/cds-2020-i-general-knowledge,https://www.unlockias.in/cds-2020-i-general-knowledge/q44-one-objective-mgnrega,A,"Correct: A, Providing up to 100 days of skilled labour in a financial year. The Act guarantees at least a hundred days of wage employment in a financial year to every rural household whose adult members volunteer to do UNSKILLED manual work. That single word carries the whole answer. The guarantee is deliberately pitched at work anyone can do, without training or a trade, because it is meant to function as a floor under the rural labour market and to be self-selecting: people who have better-paid options do not turn up for it. Everything else in the option list is genuinely part of the design: durable and productive assets are to be created from the work done, livelihood security is the Act's stated purpose, and at least one-third of the beneficiaries are to be women.",UnlockIAS_2026-10-09,"[""Indian Economy""]",,f6872951b3e8c903a4387c1408639229e0ae835d57d0afcbb20052f7c23d4e97
CDS_2020_I_GK,CDS_I_2020_GK_045,CDS,2020,I,General Knowledge,45,Which one of the following statements with regard to the functioning of the Panchayats is not correct?,"Panchayats may levy, collect and appropriate taxes, duties, tolls, etc.",A person who has attained the age of 25 years will be eligible to be a member of a Panchayat.,Every Panchayat shall ordinarily continue for five years from the date of its first meeting.,A Panchayat reconstituted after premature dissolution shall continue only for the remainder of the full period.,B,TRUSTED_SECONDARY,https://www.unlockias.in/cds-2020-i-general-knowledge,https://www.unlockias.in/cds-2020-i-general-knowledge/q45-one-statements-regard-functioning-panchayats-correct,B,"Correct: B, A person who has attained the age of 25 years will be eligible to be a member of a Panchayat. The age is twenty-one, not twenty-five. Article 243F disqualifies from a Panchayat anyone disqualified for elections to the State Legislature, and then adds a proviso that saves the young: no person shall be disqualified on the ground that he is less than twenty-five years of age, if he has attained the age of twenty one years. The framers of the Seventy-third Amendment deliberately set the local bar lower than the twenty-five demanded for a Legislative Assembly. The other three statements track Part IX accurately: Article 243H on taxes, Article 243E on the five-year term, and the same article on what a Panchayat gets when it is reconstituted after premature dissolution.",UnlockIAS_2026-10-09,"[""Indian Polity""]",,c554cce8c2f0288fd6eea49f14cc452d5b699b6024683225d0954eb49d90a66e
CDS_2020_I_GK,CDS_I_2020_GK_046,CDS,2020,I,General Knowledge,46,Which one of the following is the earliest launched scheme of the Government of India?,Deendayal Antyodaya Yojana,Pradhan Mantri Gram Sadak Yojana,Saansad Adarsh Gram Yojana,Deendayal Upadhyaya Grameen Kaushalya Yojana,B,TRUSTED_SECONDARY,https://www.unlockias.in/cds-2020-i-general-knowledge,https://www.unlockias.in/cds-2020-i-general-knowledge/q46-one-earliest-launched-scheme-government-india,B,"Correct: B, Pradhan Mantri Gram Sadak Yojana. It was launched on 25 December 2000 by Prime Minister Atal Bihari Vajpayee, to give all-weather road connectivity to habitations that had none: above 500 people in the plains and above 250 in hill, desert and tribal areas. The other three are all products of 2014. Saansad Adarsh Gram Yojana was launched on 11 October 2014, the birth anniversary of Jayaprakash Narayan; Deendayal Antyodaya Yojana is the 2014 restructuring that brought the rural and urban livelihoods missions under one name; and Deen Dayal Upadhyaya Grameen Kaushalya Yojana, the placement-linked skilling arm of the rural livelihoods mission, dates from the same year. So a fourteen-year gap separates the answer from its nearest rival.",UnlockIAS_2026-10-09,"[""Current Affairs""]",,987fcfe60ddca19a92bf88411b8dfc3ae2417ed06dd03c6dfbf0de9c0c476c26
CDS_2020_I_GK,CDS_I_2020_GK_047,CDS,2020,I,General Knowledge,47,Which of the following statements is not correct regarding the Members of Parliament Local Area Development Scheme (MPLADS)?,"Members of the Parliament (MPs) sanction, execute and complete works under the scheme.",Nominated Members of the Parliament can recommend works for implementation anywhere in the country.,The scheme is fully funded by the Government of India.,The annual entitlement per MP is ₹5 crore.,A,TRUSTED_SECONDARY,https://www.unlockias.in/cds-2020-i-general-knowledge,https://www.unlockias.in/cds-2020-i-general-knowledge/q47-statements-correct-regarding-members-parliament-local-area,A,"Correct: A, Members of the Parliament (MPs) sanction, execute and complete works under the scheme. Under MPLADS an MP only recommends works; the District Authority sanctions them, releases the money and gets them executed through an implementing agency. That separation is the design of the scheme, and it is why the funds go from the Ministry of Statistics and Programme Implementation to the district authorities and never to an MP. The other three statements are accurate. Nominated Members of the Lok Sabha and the Rajya Sabha may select works in one or more districts anywhere in the country, the scheme is fully funded by the Government of India, and the entitlement has stood at Rs 5 crore per MP since 2011-12.",UnlockIAS_2026-10-09,"[""Indian Polity""]",,1f767ab1a0cf935722cfa382faa8ba72edd84265df8fde44754d923cfb8eb9ce
CDS_2020_I_GK,CDS_I_2020_GK_048,CDS,2020,I,General Knowledge,48,"Saubhagya, a Government of India Scheme, relates to which of the following areas?",Achieving universal household electrification,Providing clean cooking fuel to poor households,Rationalizing subsidies on LPG,Stopping female foeticide,A,TRUSTED_SECONDARY,https://www.unlockias.in/cds-2020-i-general-knowledge,https://www.unlockias.in/cds-2020-i-general-knowledge/q48-saubhagya-government-india-scheme-relates-areas,A,"Correct: A, Achieving universal household electrification. Saubhagya is the shorter name for Pradhan Mantri Sahaj Bijli Har Ghar Yojana, announced in September 2017 by the Ministry of Power to take an electricity connection into every household that still lacked one. The outlay was Rs 16,320 crore, of which Rs 12,320 crore was gross budgetary support. Households identified from the Socio-Economic and Caste Census of 2011 got the connection free; others paid Rs 500, recoverable in instalments with their electricity bills. The original target was December 2018. The scheme was declared closed in March 2022, by which point about 2.82 crore households had been connected. Note the contrast the paper is fishing for: the clean-cooking-fuel scheme is Ujjwala, not Saubhagya.",UnlockIAS_2026-10-09,"[""Indian Economy""]",,316c65f5d7d3d9c5053ed235209a341fc771bc31b16ed0042c29fe3b78f9fc9d
CDS_2020_I_GK,CDS_I_2020_GK_049,CDS,2020,I,General Knowledge,49,The 'Basel Convention' is aimed at protecting human health and environment against adverse effects of which of the following?,Hazardous wastes,Persistent Organic Pollutants (POPs),Mercury,Chemicals and pesticides,A,TRUSTED_SECONDARY,https://www.unlockias.in/cds-2020-i-general-knowledge,https://www.unlockias.in/cds-2020-i-general-knowledge/q49-basel-convention-aimed-protecting-human-health-environment,A,"Correct: A, Hazardous wastes. The treaty's full name says it: the Basel Convention on the Control of Transboundary Movements of Hazardous Wastes and Their Disposal. It was opened for signature on 21 March 1989 and entered into force on 5 May 1992, and its purpose is to cut the movement of hazardous waste between countries and, above all, to stop rich countries shipping it to poorer ones for cheap disposal. It works through prior informed consent: a shipment may not leave without the written agreement of the importing state. As of June 2024 it had 191 parties, with East Timor, Fiji, Haiti, South Sudan and the United States outside. Each of the other three options is a real convention with its own subject, which is what makes the set worth learning together.",UnlockIAS_2026-10-09,"[""Science & Technology""]",,e1a81a16f3fcf25dd0ea9a61199b33c819a3e84e2bdcef2668d2f7db1fa680e4
CDS_2020_I_GK,CDS_I_2020_GK_050,CDS,2020,I,General Knowledge,50,Which one of the following is the biggest cause of incidence of migration of female persons in India?,Employment,Education,Marriage,Business,C,TRUSTED_SECONDARY,https://www.unlockias.in/cds-2020-i-general-knowledge,https://www.unlockias.in/cds-2020-i-general-knowledge/q50-one-biggest-cause-incidence-migration-female-persons,C,"Correct: C, Marriage. In the Census of India every migrant is asked why they moved, and the answers are grouped as work or employment, business, education, marriage, moved after birth, moved with household, and other. For women the pattern is overwhelming and stable across censuses: marriage is the single largest reason, accounting for roughly two of every three female migrants at the 2011 Census. The reason is village exogamy in most of India: a woman customarily marries outside her natal village and moves to her husband's, which registers as a change of usual residence even when the distance is a few kilometres. That is also why so much female migration is short-distance and intra-district, while male migration, dominated by work, runs longer and more often crosses state lines.",UnlockIAS_2026-10-09,"[""Geography""]",,c834522d4eac83389f97c897c6f4573347386f219904196ccd4ae797c55595d0
CDS_2020_I_GK,CDS_I_2020_GK_051,CDS,2020,I,General Knowledge,51,Which one of the following is not correct about Repo rate?,It is the interest rate charged by the Central Bank on overnight loan.,It is the interest rate paid by the commercial banks on overnight borrowing.,It is the interest rate agreed upon in the loan contract between a commercial bank and the Central Bank.,It is the cost of collateral security.,D,TRUSTED_SECONDARY,https://www.unlockias.in/cds-2020-i-general-knowledge,https://www.unlockias.in/cds-2020-i-general-knowledge/q51-one-correct-about-repo-rate,D,"Correct: D, It is the cost of collateral security. The repo rate is a price for money, not a price for the security pledged against it. In a repurchase transaction a bank sells government securities to the Reserve Bank and agrees to buy them back a short while later at a slightly higher price. The difference, expressed as an annual rate, is the repo rate. The securities are the collateral , and their own cost (what the bank paid for them, or what they are worth in the market) has nothing to do with the rate. Options (a), (b) and (c) describe the same transaction from three angles: the rate the central bank charges, the rate the commercial bank pays, and the rate written into the agreement between them.",UnlockIAS_2026-10-09,"[""Indian Economy""]",,a536c48b01872ae334fc410cd99767fdffef994b1f42a73f666aabb523a055aa
CDS_2020_I_GK,CDS_I_2020_GK_052,CDS,2020,I,General Knowledge,52,The Cash Reserve Ratio refers to,the share of Net Demand and Time Liabilities that banks have to hold as liquid assets,the share of Net Demand and Time Liabilities that banks have to hold as balances with the RBI,the share of Net Demand and Time Liabilities that banks have to hold as part of their cash reserves,the ratio of cash holding to reserves of banks,B,TRUSTED_SECONDARY,https://www.unlockias.in/cds-2020-i-general-knowledge,https://www.unlockias.in/cds-2020-i-general-knowledge/q52-cash-reserve-ratio-refers,B,"Correct: B, the share of Net Demand and Time Liabilities that banks have to hold as balances with the RBI. The cash reserve ratio is fixed under the Reserve Bank of India Act, and its defining feature is where the money sits: in the bank's current account with the Reserve Bank, not in its own vaults and not in securities. No interest is paid on those balances. Two of the wrong options are near-misses built on that single distinction. Holding a share of liabilities as liquid assets (cash, gold and approved securities, kept by the bank itself) is the statutory liquidity ratio, a different instrument under a different statute. Holding it as part of the bank's own cash reserves misses the point that the reserve is with the central bank. When the ratio is raised, banks have less to lend, and credit tightens.",UnlockIAS_2026-10-09,"[""Indian Economy""]",,4bad806908cd440a2bd756293e3debbb369e3c3d59bf85e781636cdf450e0d27
CDS_2020_I_GK,CDS_I_2020_GK_053,CDS,2020,I,General Knowledge,53,"In economics, if a diagram has a line passing through the origin and has 45° angle with either axis and it is asserted that along the line X = Y, what is tacitly assumed?",Both variables are pure numbers.,Both variables are in the same unit.,Both variables are in different units.,At least one variable is a pure number.,B,TRUSTED_SECONDARY,https://www.unlockias.in/cds-2020-i-general-knowledge,https://www.unlockias.in/cds-2020-i-general-knowledge/q53-economics-diagram-line-passing-through-origin-angle,B,"Correct: B, Both variables are in the same unit. The line runs through the origin at forty-five degrees to both axes, so at every point on it the horizontal distance from the origin equals the vertical distance. Reading that as X = Y goes beyond geometry: it says the two measurements are equal as quantities , and a quantity can only equal another if both are measured in the same unit. Suppose X is a length in metres and Y a weight in kilograms. The point six metres, six kilograms lies on the line, but writing six metres equals six kilograms asserts nothing meaningful. Same unit is the tacit assumption the question asks for. A further condition hides underneath it: both axes must also be drawn to the same scale , or the equal-quantity line would not come out at forty-five degrees.",UnlockIAS_2026-10-09,"[""Indian Economy""]",,57450002ecbeeff484abf4b03a2cc718bc4e1b049ba5d3450fdd563d1181c18b
CDS_2020_I_GK,CDS_I_2020_GK_054,CDS,2020,I,General Knowledge,54,"Who among the following won the Best Men's Player Award of FIFA Football Awards, 2019?",Cristiano Ronaldo,Virgil van Dijk,Lionel Messi,Xavi,C,TRUSTED_SECONDARY,https://www.unlockias.in/cds-2020-i-general-knowledge,https://www.unlockias.in/cds-2020-i-general-knowledge/q54-among-won-best-men-player-award-fifa,C,"Correct: C, Lionel Messi. Messi took The Best FIFA Men's Player award for 2019 with 46 points, ahead of Virgil van Dijk on 38 and Cristiano Ronaldo on 36: a narrow result, and one that came after van Dijk had won the UEFA award for the season and lifted the Champions League with Liverpool. The same 2019 ceremony gave Alisson the goalkeeper's award and Jurgen Klopp the men's coach award, so Liverpool carried off two of the three and lost the third by eight points. Do not confuse this award with the Ballon d'Or, which is run separately by France Football; Messi won that for 2019 as well, but the two are different trophies with different voting bodies.",UnlockIAS_2026-10-09,"[""Current Affairs""]",,cd77ff6872f7e4b5c6b77dd56c9503406d3b792256334dfaac6f22d88c168bc1
CDS_2020_I_GK,CDS_I_2020_GK_055,CDS,2020,I,General Knowledge,55,"In September 2019, which one of the following travel giants declared itself bankrupt?",Expedia,Cox & Kings,SOTC,Thomas Cook,D,TRUSTED_SECONDARY,https://www.unlockias.in/cds-2020-i-general-knowledge,https://www.unlockias.in/cds-2020-i-general-knowledge/q55-september-2019-one-travel-giants-declared-itself,D,"Correct: D, Thomas Cook. The British tour and travel company entered compulsory liquidation in the early hours of 23 September 2019, after talks on a rescue package failed. Roughly 600,000 of its customers were abroad at the time, and the UK Civil Aviation Authority mounted Operation Matterhorn to bring home the British travellers among them: about 150,000 people, flown back on some forty chartered aircraft in what was described as the country's largest peacetime repatriation, larger than the Monarch Airlines operation of 2017. Keep the two numbers apart: 600,000 is the worldwide figure for customers stranded, 150,000 the number repatriated by the British operation.",UnlockIAS_2026-10-09,"[""Indian Economy""]",,5c8faf9b23127198147145e99cb2746f48a3dc053e257775284165651d2c6c15
CDS_2020_I_GK,CDS_I_2020_GK_056,CDS,2020,I,General Knowledge,56,"Greta Thunberg, a teenaged environment activist who was in news recently, hails from",Sweden,Germany,USA,Canada,A,TRUSTED_SECONDARY,https://www.unlockias.in/cds-2020-i-general-knowledge,https://www.unlockias.in/cds-2020-i-general-knowledge/q56-greta-thunberg-teenaged-environment-activist-news-recently,A,"Correct: A, Sweden. Greta Thunberg is Swedish. She began her school strike for the climate outside the Swedish parliament in Stockholm in August 2018, sitting there with a hand-painted board through the run-up to that year's general election, and the weekly Friday strike that followed spread into the international Fridays for Future movement. By 2019 she had addressed the World Economic Forum at Davos, sailed across the Atlantic rather than fly, and delivered the short, angry speech at the United Nations Climate Action Summit in New York in September 2019 that made her a household name: the appearance the paper is calling recent.",UnlockIAS_2026-10-09,"[""Science & Technology""]",,6f94ce111ddc67c028fe8187b413adff42c1774cdc7170244e0d842e4b8b586b
CDS_2020_I_GK,CDS_I_2020_GK_057,CDS,2020,I,General Knowledge,57,"Recently the Reserve Bank of India has imposed limitations, initially for a period of six months, on the withdrawal of amount by account holders of which one of the following banks?",IndusInd Bank,Dhanlaxmi Bank,Punjab and Maharashtra Cooperative Bank,South Indian Bank,C,TRUSTED_SECONDARY,https://www.unlockias.in/cds-2020-i-general-knowledge,https://www.unlockias.in/cds-2020-i-general-knowledge/q57-recently-reserve-bank-india-imposed-limitations-initially,C,"Correct: C, Punjab and Maharashtra Cooperative Bank. On 23 September 2019 the Reserve Bank placed the bank under directions for six months and initially capped withdrawals at Rs 1,000 per account: a limit so tight that it caused public alarm and was raised within days to Rs 10,000, then to Rs 50,000 in November 2019 and to Rs 1,00,000 in June 2020. The reason was a concentration of credit that should never have existed: of a loan book of about Rs 8,300 crore, roughly Rs 6,226 crore, some 73 per cent, had gone to a single borrower group, Housing Development and Infrastructure Limited, and the exposure had been concealed behind dummy accounts for years. The bank was eventually merged into Unity Small Finance Bank on 25 January 2022.",UnlockIAS_2026-10-09,"[""Indian Economy""]",,022861ab50c3202ffd27186eb3bde1c8a240506fd045ea5c14ac5c27db97f597
CDS_2020_I_GK,CDS_I_2020_GK_058,CDS,2020,I,General Knowledge,58,Amitabh Bachchan was recently conferred with the prestigious Dada Saheb Phalke Award. Who among the following was the first recipient of the award?,Prithviraj Kapoor,Devika Rani,Sohrab Modi,Naushad,B,TRUSTED_SECONDARY,https://www.unlockias.in/cds-2020-i-general-knowledge,https://www.unlockias.in/cds-2020-i-general-knowledge/q58-amitabh-bachchan-recently-conferred-prestigious-dada-saheb,B,"Correct: B, Devika Rani. The Dada Saheb Phalke Award was instituted in 1969, the centenary year of Dhundiraj Govind Phalke's birth, and its first recipient was Devika Rani, honoured at the 17th National Film Awards and widely called the first lady of Indian cinema. She had trained in London, starred in Karma and Achhut Kanya, and with Himansu Rai ran Bombay Talkies, the studio that gave Ashok Kumar and Dilip Kumar their starts. The award the stem calls recent is Amitabh Bachchan's, made for the year 2018 and presented at the 66th National Film Awards. Every other name here is a genuine recipient, just not the first, which is what makes the question a test of one date rather than of the list.",UnlockIAS_2026-10-09,"[""Science & Technology""]",,0dd7ea750ec42066cf17fb2e31e8ec26f08b26a90d0ce7d5f156f4608c61557e
CDS_2020_I_GK,CDS_I_2020_GK_059,CDS,2020,I,General Knowledge,59,"The famous Mughal painting, depicting Jahangir embracing the Safavid king Shah Abbas, was painted by which one of the following Mughal painters?",Abd al-Samad,Abul Hasan,Dasavant,Bishandas,B,TRUSTED_SECONDARY,https://www.unlockias.in/cds-2020-i-general-knowledge,https://www.unlockias.in/cds-2020-i-general-knowledge/q59-famous-mughal-painting-depicting-jahangir-embracing-safavid,B,"Correct: B, Abul Hasan. The painting is the allegory of about 1618 in which Jahangir, standing on a lion, embraces Shah Abbas of Persia, who stands on a lamb, the two of them on a globe with a haloed sun behind. It is the work of Abu'l Hasan, whom Jahangir titled Nadir-uz-Zaman, the Wonder of the Age, in 1618 in a note written on the frontispiece of his own memoirs. The painter's own account is that the picture came out of a dream. What it says is political rather than documentary: the two rulers were rivals over Qandahar and never in fact met, and the composition makes the Mughal much the larger figure, pushing the Safavid to the edge of the world. The picture is in the Freer Gallery of Art in Washington.",UnlockIAS_2026-10-09,"[""Medieval History""]",,b919f51a88dd152cc632d9444cef48c804b90e4587200d843a319c61652b14dd
CDS_2020_I_GK,CDS_I_2020_GK_060,CDS,2020,I,General Knowledge,60,"Which of the following statements about 'Mughal Mansab' system are correct? 1. 'Zat' rank was an indicator of a Mansabdar's position in the imperial hierarchy and the salary of the Mansabdar. 2. 'Sawar' rank indicated the number of horsemen the Mansabdar was required to maintain. 3. In the seventeenth century, Mansabdars holding 1000 or above 'Sawar' rank were designated as nobles (Umara). Select the correct answer using the code given below.",1 and 2 only,1 and 3 only,2 and 3 only,"1, 2 and 3",A,TRUSTED_SECONDARY,https://www.unlockias.in/cds-2020-i-general-knowledge,https://www.unlockias.in/cds-2020-i-general-knowledge/q60-statements-about-mughal-mansab-system-correct-zat,A,"Correct: A, 1 and 2 only. Statements 1 and 2 are the standard description of the dual rank. The zat fixed a mansabdar's place in the imperial hierarchy and, through the sanctioned pay schedules, his personal salary; the sawar fixed the cavalry contingent he had to maintain and the money he received for maintaining it. Statement 3 fails on a single word. The threshold for being counted among the nobility, the umara, ran on the ZAT rank, not the sawar: 500 zat under Akbar, and 1,000 zat by the seventeenth century. Precedence among nobles followed the same rule, so that a man rated 4,000 zat and 2,000 sawar outranked one rated 3,000 and 3,000. Swap zat for sawar, as statement 3 does, and the claim is no longer true.",UnlockIAS_2026-10-09,"[""Defence & Security""]",,56aeef6a8ced68e78a7e1dc054c5586f7776a8b49080630c2c99c3fbf29845c2
CDS_2020_I_GK,CDS_I_2020_GK_061,CDS,2020,I,General Knowledge,61,Which one of the following pairs is not correctly matched?,Kuddapah-kar : Rocky wastelands,Nancai : Wet fields,Puncai : Dry fields,Tottakal : Garden lands,A,TRUSTED_SECONDARY,https://www.unlockias.in/cds-2020-i-general-knowledge,https://www.unlockias.in/cds-2020-i-general-knowledge/q61-one-pairs-correctly-matched,A,"Correct: A, Kuddapah-kar : Rocky wastelands. The other three pairs are the ordinary land classes of the Tamil revenue vocabulary and every one of them is matched right. Nancai (nanjai) is wet land: ground commanded by a river channel or a tank and put under paddy. Puncai (puncai/punjai) is dry land, farmed on the rain alone and sown with millets, groundnut and pulses. Tottakkal is garden land, the small watered plots kept for orchards, plantains and vegetables. Those three words are still printed on Tamil Nadu land records: a patta will describe a survey number as nanjai or punjai to this day. The first pair is the one that does not belong. The word paired with 'rocky wastelands' is not a category in that classification at all, and the Tamil revenue system's own name for uncultivable common waste is poramboke: land that carries no assessment and cannot be sold because it belongs to the government. That is why the key marks (a).",UnlockIAS_2026-10-09,"[""Ancient History""]",,bd7c1dbf112ac8c79db261456d7cbc8e2b98cb6ba9b8c3bb82d662724cad7949
CDS_2020_I_GK,CDS_I_2020_GK_062,CDS,2020,I,General Knowledge,62,Which of the following rulers were identified through matronymics (names derived from that of the mother)?,Mallas of Pava,Videhas of Mithila,Yaudheyas,Satavahanas,D,TRUSTED_SECONDARY,https://www.unlockias.in/cds-2020-i-general-knowledge,https://www.unlockias.in/cds-2020-i-general-knowledge/q62-rulers-identified-through-matronymics-names-derived-mother,D,"Correct: D, Satavahanas. Satavahana kings are named after their mothers, not their fathers, and the inscriptions make it unmistakable. Gautamiputra Satakarni means Satakarni, son of Gautami; Vasishthiputra Pulumavi means Pulumavi, son of Vasishthi. The naming element is the mother's gotra name, and the practice runs through the dynasty rather than appearing once. The most famous Satavahana record is itself a mother's: the Nashik prashasti was commissioned by Gautami Balashri, mother of Gautamiputra, and it is she who sets down his achievements, that he destroyed the Sakas, Yavanas and Pahlavas and restored the glory of the Satavahana line. Note that the naming does not make the succession matrilineal: the throne still passed from father to son. What it shows is the standing of royal mothers in Satavahana practice.",UnlockIAS_2026-10-09,"[""History""]",,b297c9eae30669f592cbbd1e743074784400e0d80863b5fb3b31916bf4692e71
CDS_2020_I_GK,CDS_I_2020_GK_063,CDS,2020,I,General Knowledge,63,Which one of the following statements about the famous text of Panchatantra is correct?,It is a philosophical text reflecting the debates of the time and refuting rival positions.,It is a text ushering in linguistics as a formal science.,It is a text discussing developments in various spheres of natural sciences.,It is a text showing through illustration what should and should not be done.,D,TRUSTED_SECONDARY,https://www.unlockias.in/cds-2020-i-general-knowledge,https://www.unlockias.in/cds-2020-i-general-knowledge/q63-one-statements-about-famous-text-panchatantra-correct,D,"Correct: D, It is a text showing through illustration what should and should not be done. The Panchatantra is a Sanskrit collection of animal fables in five books, framed as a course of instruction: a king despairs of his three dull sons and hands them to a teacher who undertakes to make them worldly-wise, and the fables are the teaching. The subject is niti (practical conduct, statecraft, the handling of friends, enemies and money) and it is taught not by argument but by illustration, one story opening inside another so that a maxim is always demonstrated rather than asserted. That is exactly what option (d) describes. The book's travels confirm the character: it was turned into Pahlavi in the sixth century and from there into Arabic as Kalila wa Dimna, and through Persian, Syriac, Greek, Hebrew and Latin it became one of the most widely translated books of the pre-modern world: carried everywhere as a manual of worldly wisdom, not as philosophy or science.",UnlockIAS_2026-10-09,"[""Art & Culture""]",,ec2da26ffc80bca2570e0ac6c8b12e332f0aff630e1b155f4f614362540a41c9
CDS_2020_I_GK,CDS_I_2020_GK_064,CDS,2020,I,General Knowledge,64,Geomorphic factors influencing plant and animal distributions are,slope angle and relief only,slope aspect and relative relief,"slope angle, slope aspect and relief","slope angle, slope aspect and relative relief",C,TRUSTED_SECONDARY,https://www.unlockias.in/cds-2020-i-general-knowledge,https://www.unlockias.in/cds-2020-i-general-knowledge/q64-geomorphic-factors-influencing-plant-animal-distributions,C,"Correct: C, slope angle, slope aspect and relief. Biogeography groups the controls on where plants and animals live as climatic, edaphic, biotic and geomorphic . The geomorphic set is the landform set: how steep the ground is, which way it faces, and how much height difference the terrain carries. Slope angle governs how fast water drains and how much soil can stay put. A steep face sheds both, so it supports thin-soiled, drought-tolerant communities, while the gentler footslope collects them. Slope aspect decides how much sun a face receives: in the northern hemisphere a south-facing slope is warmer and drier and a north-facing one cooler and moister. Relief, the height range of the land, creates the altitudinal belts that let temperate species live at low latitudes and puts an alpine zone above a tropical forest on the same mountain.",UnlockIAS_2026-10-09,"[""Geography""]",,b87e7e5b01dd68fa30460ba1df7598079a1952c2db375b60b08b3c0a1c66b91c
CDS_2020_I_GK,CDS_I_2020_GK_065,CDS,2020,I,General Knowledge,65,Which one of the following groups of cities does not have Sclerophyll as its natural vegetation cover?,Valparaiso and Cape Town,Lisbon and Perth,Los Angeles and Adelaide,Las Vegas and Queensland,D,TRUSTED_SECONDARY,https://www.unlockias.in/cds-2020-i-general-knowledge,https://www.unlockias.in/cds-2020-i-general-knowledge/q65-one-groups-cities-sclerophyll-natural-vegetation-cover,D,"Correct: D, Las Vegas and Queensland. Sclerophyll is the hard-leaved, evergreen, drought-resisting vegetation of the Mediterranean climate: small, thick, waxy leaves that cut water loss through a hot rainless summer, with evergreen oaks, olive, cork oak and aromatic shrubs as the type plants. Mediterranean climates sit on the western sides of continents, roughly in the 30-45 degree belt of both hemispheres, and the other three pairs each name two such places. The fourth pair breaks the pattern twice. Las Vegas lies inland in the Mojave, a true desert whose natural cover is desert scrub, not sclerophyll. Queensland is not a city at all but a large Australian state on the eastern, not western, side of the continent, running from humid subtropical in the south-east to tropical in the north.",UnlockIAS_2026-10-09,"[""Geography""]",,a350285f6ffde55d1182ae8a6140d196e725c53d2835c58d640f419ef526603e
CDS_2020_I_GK,CDS_I_2020_GK_066,CDS,2020,I,General Knowledge,66,Which of the following are warm ocean currents?,Kuroshio and California Current,North Atlantic Drift and Brazil Current,Canaries and Benguela Current,West Wind Drift and Falkland Current,B,TRUSTED_SECONDARY,https://www.unlockias.in/cds-2020-i-general-knowledge,https://www.unlockias.in/cds-2020-i-general-knowledge/q66-warm-ocean-currents,B,"Correct: B, North Atlantic Drift and Brazil Current. Both are warm. The North Atlantic Drift is the Gulf Stream's continuation across the ocean, carried east by the westerlies towards north-west Europe, and it is the reason ports on the Norwegian coast stay ice-free at latitudes where the Canadian side is frozen. The Brazil Current is a western boundary current of the South Atlantic, flowing polewards down the Brazilian coast until it meets the cold Falkland (Malvinas) Current. The general rule does all the work here: western boundary currents run along the eastern coasts of continents, carry warm water polewards, and are narrow, deep and fast; eastern boundary currents run along the western coasts, carry cold water equatorwards, and are broad, shallow and slow, with upwelling and a coastal desert behind them. Every current in the other three options fails that test in at least one member.",UnlockIAS_2026-10-09,"[""Geography""]",,cf046c93e4d757b3e44a7fb4569dde94d1c8b2f64ef9807474e87dd7e878076b
CDS_2020_I_GK,CDS_I_2020_GK_067,CDS,2020,I,General Knowledge,67,"In India, how many States/Union Territories have more than two international boundaries?",1,2,3,4,D,TRUSTED_SECONDARY,https://www.unlockias.in/cds-2020-i-general-knowledge,https://www.unlockias.in/cds-2020-i-general-knowledge/q67-india-many-states-union-territories-more-than,D,"Correct: D, 4. Count the units that touch three or more foreign neighbours and four is what you get. West Bengal reaches Nepal in the north-west, Bhutan in the north and Bangladesh along its eastern and southern edge. Sikkim is wedged between Nepal to the west, China to the north and Bhutan to the east. Arunachal Pradesh has Bhutan on the west, China across the McMahon Line to the north and Myanmar to the east. Those three are settled and uncontroversial. The fourth is the Ladakh and Jammu and Kashmir sector. Besides China and Pakistan, India claims a 106 km land boundary with Afghanistan, in territory administered by Pakistan as part of Gilgit-Baltistan and abutting the Wakhan Corridor. On India's own map that stretch falls in the Ladakh sector, which therefore has three foreign neighbours. Every other State stops at two or fewer.",UnlockIAS_2026-10-09,"[""Geography""]",,0cbfcc5a995f0303f7ba33be3c4933f9e72bf8cc64257db4dc71c8d3a416eb8c
CDS_2020_I_GK,CDS_I_2020_GK_068,CDS,2020,I,General Knowledge,68,"In the Hadley cell thermal circulation, air rises up and finally descends at",intertropical convergence zone,doldrums,subtropical high-pressure cells,equatorial troughs,C,TRUSTED_SECONDARY,https://www.unlockias.in/cds-2020-i-general-knowledge,https://www.unlockias.in/cds-2020-i-general-knowledge/q68-hadley-cell-thermal-circulation-air-rises-finally,C,"Correct: C, subtropical high-pressure cells. The Hadley cell is the thermally driven overturning of the tropical atmosphere. Intense heating at the equator makes air expand, rise and diverge aloft; as it drifts polewards it cools, loses moisture and becomes denser, and by about 25 to 30 degrees of latitude it sinks. That descending limb is what creates the subtropical high-pressure belt (the horse latitudes) and the sinking air warms by compression, its relative humidity falls, cloud cannot form and the great desert belts of the world sit under it, the Sahara, the Arabian, the Thar, the Kalahari and the Australian interior. From the base of those highs the air returns equatorward as the trade winds, closing the loop. The other three options all name the rising end of the same cell rather than the sinking end, which is the distinction the question is testing.",UnlockIAS_2026-10-09,"[""Geography""]",,4731af9852ac7d8ca4a5cbfec3eb789b94172174c7dc9cb143604c6e0aa12444
CDS_2020_I_GK,CDS_I_2020_GK_069,CDS,2020,I,General Knowledge,69,Which one of the following soils is characterized by very high content of organic matter?,Vertisol,Histosol,Gelisol,Spodosol,B,TRUSTED_SECONDARY,https://www.unlockias.in/cds-2020-i-general-knowledge,https://www.unlockias.in/cds-2020-i-general-knowledge/q69-one-soils-characterized-very-high-content-organic,B,"Correct: B, Histosol. Histosols are the organic soils of the USDA soil taxonomy: soils made up mainly of organic material rather than of mineral grains. The formal test is a thickness one: 40 cm or more of organic soil material beginning within 40 cm of the surface, with an organic carbon content of 12 per cent or more by weight under the USDA scheme. They form where water stands long enough to keep oxygen out, so dead plant matter accumulates faster than decay can remove it: bogs, fens, marshes and waterlogged uplands. The three grades of that material give the everyday names: peat where the plant tissue is still recognisable, mucky peat where it is half broken down, and muck where decomposition has gone furthest. None of the other three orders is defined by organic content: they are mineral soils named for a clay behaviour, a frozen layer and a subsurface accumulation.",UnlockIAS_2026-10-09,"[""Geography""]",,700b481ea0c58858bb4b462c4c5c3e751d3899560f2b4381aed52bc87e477584
CDS_2020_I_GK,CDS_I_2020_GK_070,CDS,2020,I,General Knowledge,70,Overseas Indians can exercise franchise in an election to the Lok Sabha under which of the following conditions? 1. They must be citizens of India. 2. Their names must figure in the electoral roll. 3. They must be present in India to vote. Select the correct answer using the code given below.,"1, 2 and 3",2 and 3 only,1 and 2 only,1 only,A,TRUSTED_SECONDARY,https://www.unlockias.in/cds-2020-i-general-knowledge,https://www.unlockias.in/cds-2020-i-general-knowledge/q70-overseas-indians-exercise-franchise-election-lok-sabha,A,"Correct: A, 1, 2 and 3. All three conditions hold together. Citizenship first: the franchise in India belongs to citizens, and an overseas Indian who has taken the nationality of another country loses it, because India does not permit dual citizenship, so a person holding an Overseas Citizen of India card is not an elector at all. Second, the name must be on the electoral roll. Since 2010 an Indian citizen living abroad may be enrolled as an overseas elector in the constituency of the address printed in the passport, and enrolment is what turns eligibility into a vote. Third, and this is where the question earns its marks, the overseas elector has to be there in person. There is no proxy and no postal ballot for this category, so voting means travelling back to the constituency and going to the polling station on poll day: a requirement that makes the right largely theoretical for most expatriates. Since all three statements survive, the answer is the all-of-them option.",UnlockIAS_2026-10-09,"[""Indian Polity""]",,4b76854a72026e5dce54e6f1916bb798b8e98956c7596e4c6e8b59c171ee0ce6
CDS_2020_I_GK,CDS_I_2020_GK_071,CDS,2020,I,General Knowledge,71,Which one of the following is not a feature of the Ayushman Bharat Scheme?,There is no cap on family size and age.,The scheme includes pre- and post-hospitalization expenses.,A defined transport allowance per hospitalization will also be paid to the beneficiary.,The scheme provides a benefit cover of ₹ 10 lakh per family.,D,TRUSTED_SECONDARY,https://www.unlockias.in/cds-2020-i-general-knowledge,https://www.unlockias.in/cds-2020-i-general-knowledge/q71-one-feature-ayushman-bharat-scheme,D,"Correct: D, The scheme provides a benefit cover of ₹ 10 lakh per family. Ayushman Bharat's insurance arm, Pradhan Mantri Jan Arogya Yojana , gives a cover of ₹ 5 lakh per family per year for secondary and tertiary hospitalisation. It is a family floater , so the amount is shared across the household rather than given to each member. The figure of ten lakh doubles it and is the planted error. The other three statements are genuine design features. There is no restriction on family size, age or gender; pre- and post-hospitalisation expenses are covered; and a defined transport allowance per hospitalisation is paid to the beneficiary.",UnlockIAS_2026-10-09,"[""Current Affairs""]",,53b71b58f3be549110ee64b7d42d3e9c02d5d8c02d2155ff871713f2e8e7cb3e
CDS_2020_I_GK,CDS_I_2020_GK_072,CDS,2020,I,General Knowledge,72,Which of the following are considered to be the four pillars of human development?,"Equity, inclusion, productivity and empowerment","Equity, productivity, empowerment and sustainability","Productivity, gender, inclusion and equity","Labour, productivity, inclusion and equity",B,TRUSTED_SECONDARY,https://www.unlockias.in/cds-2020-i-general-knowledge,https://www.unlockias.in/cds-2020-i-general-knowledge/q72-considered-four-pillars-human-development,B,"Correct: B, Equity, productivity, empowerment and sustainability. These four are the standard pillars of the human development approach, as set out in the Human Development Reports and reproduced in the school geography syllabus. Equity means access to opportunity irrespective of gender, caste, income or community: it is about what people can reach, not only what they own. Productivity means human labour made more effective by investing in people, so that growth comes from capability rather than from longer hours. Empowerment means the power to make choices about one's own life, which requires a share in political and economic decisions. Sustainability means that the opportunities available to this generation are available to the next, which covers environmental, financial and human resources alike. The three wrong options each swap one of these for a plausible-sounding intruder (inclusion, gender or labour) and it is the swapped term that gives them away.",UnlockIAS_2026-10-09,"[""Indian Economy""]",,c5b11b0e81d7572e1cbcbcd26bb2fbadec5121cf55b44fbb7f2a9137835092b1
CDS_2020_I_GK,CDS_I_2020_GK_073,CDS,2020,I,General Knowledge,73,"Which one of the following was added as a fundamental duty through the Constitution (86th Amendment) Act, 2002?",To strive towards excellence in individual and collective activity,To provide opportunities for education to one’s child between the age of 6 and 14 years,To work for the welfare of women and children,To promote peace and harmony,B,TRUSTED_SECONDARY,https://www.unlockias.in/cds-2020-i-general-knowledge,https://www.unlockias.in/cds-2020-i-general-knowledge/q73-one-added-fundamental-duty-through-constitution-86th,B,"Correct: B, To provide opportunities for education to one's child between the age of 6 and 14 years. The Constitution (86th Amendment) Act, 2002 added a new clause (k) to Article 51A , imposing on a parent or guardian the duty to provide opportunities for education to a child or ward between six and fourteen years. That clause is the eleventh Fundamental Duty and the only one not added in 1976. The same amendment inserted Article 21A , making free and compulsory education for children aged six to fourteen a fundamental right, and substituted Article 45, so that the State now aims at early childhood care and education below the age of six. The other options either belong to the original ten duties inserted by the 42nd Amendment on the recommendation of the Swaran Singh Committee, or are not duties in that form at all.",UnlockIAS_2026-10-09,"[""Indian Polity""]",,f258217e33d8ff8f2ad8149969c192762d96f8eefc2eab0637fae0d04d5ae803
CDS_2020_I_GK,CDS_I_2020_GK_074,CDS,2020,I,General Knowledge,74,Which one of the following Articles of the Constitution of India protects a person against double jeopardy?,Article 20,Article 21,Article 22,Article 23,A,TRUSTED_SECONDARY,https://www.unlockias.in/cds-2020-i-general-knowledge,https://www.unlockias.in/cds-2020-i-general-knowledge/q74-one-articles-constitution-india-protects-person-against,A,"Correct: A, Article 20. Article 20 guarantees protection in respect of conviction for offences, and it packs three separate safeguards into one article. Clause (1) bars ex post facto criminal law: no one may be convicted except for breaking a law in force at the time of the act, or given a penalty greater than the one prescribed then. Clause (2) is the double jeopardy rule: no person shall be prosecuted and punished for the same offence more than once. Clause (3) protects against self-incrimination: an accused cannot be compelled to be a witness against himself. All three run in favour of any person, citizen or not, and none can be suspended even during an emergency, because Article 359 as amended in 1978 keeps Articles 20 and 21 outside the reach of suspension.",UnlockIAS_2026-10-09,"[""Indian Polity""]",,adb698ebe01d0af33f5dab288e5f7b422428359f729ae38006f9938a900e3567
CDS_2020_I_GK,CDS_I_2020_GK_075,CDS,2020,I,General Knowledge,75,Consider the following statements about Stone Age in India: 1. Different periods are identified on the basis of the type and technology of stone tools. 2. There are no regional variations in the type and technology of tools in different periods. 3. Stone Age cultures of different periods evolved uniformly in a neat unilinear fashion all over the sub-continent. Which of the statements given above is/are correct?,1 only,1 and 2 only,3 only,"1, 2 and 3",A,TRUSTED_SECONDARY,https://www.unlockias.in/cds-2020-i-general-knowledge,https://www.unlockias.in/cds-2020-i-general-knowledge/q75-consider-statements-about-stone-age-india-different,A,"Correct: A, 1 only. Statement 1 states the actual basis of the periodisation. Indian prehistory is divided into Lower, Middle and Upper Palaeolithic, then Mesolithic and Neolithic, and the divisions rest on tool types and the techniques used to make them: heavy core tools such as handaxes and cleavers, then flake tools, then blades and burins, then the tiny microliths of the Mesolithic, then ground and polished stone. Statement 2 reverses the truth. Regional variation is one of the strongest findings of Indian prehistory: the Soanian assemblages of the north-west are dominated by pebble and chopper tools while the peninsular sites carry Acheulean handaxes, and raw material (quartzite here, chert there) shapes what could be made. Statement 3 fails for the same reason. Cultures did not advance in a single neat line across the subcontinent; phases overlap, some regions retain older technologies long after neighbours have moved on, and hunter-gatherer and farming communities lived side by side for centuries. So only the first statement stands.",UnlockIAS_2026-10-09,"[""History""]",,9c529d125b119c6c3b32e62d05c6681869fdb5c9c77f04c06fa7d88c419ce7d8
CDS_2020_I_GK,CDS_I_2020_GK_076,CDS,2020,I,General Knowledge,76,From which one of the following factory sites were limestone and chert blades mass produced and sent to various Harappan settlements in Sindh?,Sukkur and Rohri Hills,Khetri in Rajasthan,Chagai Hills,Hills of Baluchistan,A,TRUSTED_SECONDARY,https://www.unlockias.in/cds-2020-i-general-knowledge,https://www.unlockias.in/cds-2020-i-general-knowledge/q76-one-factory-sites-limestone-chert-blades-mass,A,"Correct: A, Sukkur and Rohri Hills. The Rohri hills are a scarp of limestone running south-east of Rohri in Upper Sindh, between the Indus on the west and the Nara on the east, about 40 km long and 16 km wide. The limestone carries nodules of chert , a hard fine-grained silica rock that fractures cleanly and takes a razor edge. The hills are dotted with quarry pits and flaking floors: the debris of blade-making on an industrial scale. Chert blades struck here travelled out to Harappan settlements across Sindh, including Mohenjo-daro, which is why the hills are described as a factory site rather than merely a source.",UnlockIAS_2026-10-09,"[""Ancient History""]",,d6e981db1961beaf0c1cdedee7732bd5d959bfcd08e11a1d97c2471e3d7f3b1f
CDS_2020_I_GK,CDS_I_2020_GK_077,CDS,2020,I,General Knowledge,77,"The work Siyar-ul-Mutakherin, which describes the Battle of Plassey, 1757, was written by",Salabat Jung,Qasim Khan,Ghulam Husain,Ram Mohan Roy,C,TRUSTED_SECONDARY,https://www.unlockias.in/cds-2020-i-general-knowledge,https://www.unlockias.in/cds-2020-i-general-knowledge/q77-work-siyar-mutakherin-describes-battle-plassey-1757,C,"Correct: C, Ghulam Husain. The Siyar-ul-Mutakherin (the Review of Modern Times) is a Persian history of eighteenth-century India written by Sayyid Ghulam Husain Khan Tabatabai, a well-connected Muslim nobleman of Bihar and Bengal who knew the actors he wrote about. It carries the narrative from the later Mughals through the wars of the Bengal succession, the intrigue at Murshidabad, the Battle of Plassey in 1757 and the establishment of Company power, and it was completed in the 1780s. An English translation appeared from Calcutta in 1790, and the book became one of the most-used indigenous sources for the period precisely because it is written from inside the Indo-Persian political world rather than from a Company factory. Of the other three names, two belong to the political history of the age rather than to its literature, and the fourth belongs to a different century altogether.",UnlockIAS_2026-10-09,"[""Modern History""]",,e251de0946f3b77daf09b3522ef68a6d016e6e4250e184540a08c7c4f1a9048a
CDS_2020_I_GK,CDS_I_2020_GK_078,CDS,2020,I,General Knowledge,78,Who believed that the Russian designs were ‘an imminent peril to the security and tranquility’ of the Indian Empire in 1836?,Lord Auckland,Lord Palmerston,Lord Canning,Alexander Burnes,B,TRUSTED_SECONDARY,https://www.unlockias.in/cds-2020-i-general-knowledge,https://www.unlockias.in/cds-2020-i-general-knowledge/q78-believed-russian-designs-imminent-peril-security-tranquility,B,"Correct: B, Lord Palmerston. In 1836 Palmerston was Britain's Foreign Secretary , an office he held from 1835 to 1841, and the direction of policy towards Russia was his. He distrusted the Russian autocracy on principle and read every Russian move in Asia as a challenge to British power. It was from London, not Calcutta, that the alarm about Russian designs on the approaches to India was sounded loudest. Lord Auckland , who took charge as Governor-General on 4 March 1836, is the tempting alternative because the policy was executed on his watch. But the belief that Russian designs threatened India was a London judgement first, and the key assigns it to the Foreign Secretary, who held that view throughout the decade.",UnlockIAS_2026-10-09,"[""Science & Technology""]",,bec62e3836ca5e01ec03d421a63a01ada90e9969bd68653e3d264da344f9aabe
CDS_2020_I_GK,CDS_I_2020_GK_079,CDS,2020,I,General Knowledge,79,The ‘Tattvabodhini Sabha’ was established by,Devendranath Tagore in 1839,Keshab Chandra Sen in 1857,Akshay Kumar Datta in 1850,Dwarakanath Tagore in 1840,A,TRUSTED_SECONDARY,https://www.unlockias.in/cds-2020-i-general-knowledge,https://www.unlockias.in/cds-2020-i-general-knowledge/q79-tattvabodhini-sabha-established,A,"Correct: A, Devendranath Tagore in 1839. Debendranath Tagore founded the body on 6 October 1839, first as the Tattvaranjini Sabha and almost immediately renamed the Tattvabodhini Sabha: the association of seekers after truth. Its purpose was to study and propagate the Vedanta of the Upanishads and to give the Brahmo position an intellectual base, and it drew in the ablest young men of Calcutta, several of them from the Derozian circle. In 1843 it began the Tattvabodhini Patrika, edited by Akshay Kumar Datta, which became the most serious Bengali periodical of its day and promoted a systematic study of India's past in the Bengali language. Debendranath had joined the Brahmo Samaj in 1843, and in 1859 the Sabha merged into it, giving the Samaj the organisation and the following that Rammohun Roy's original body had lacked after his death.",UnlockIAS_2026-10-09,"[""Modern History""]",,560872fb063e7a824162d4a64f18e9e2fb0fcff2b5e7fa78e980b1ce060a16ad
CDS_2020_I_GK,CDS_I_2020_GK_080,CDS,2020,I,General Knowledge,80,What was the code name given to the first ever tri-service military exercise between India and USA?,Lion Triumph,Elephant Triumph,Tiger Triumph,Bison Triumph,C,TRUSTED_SECONDARY,https://www.unlockias.in/cds-2020-i-general-knowledge,https://www.unlockias.in/cds-2020-i-general-knowledge/q80-code-name-first-ever-tri-service-military,C,"Correct: C, Tiger Triumph. Tiger Triumph is the amphibious exercise India and the United States hold together, and its first edition, from 13 to 21 November 2019 off Visakhapatnam with a landing phase at Kakinada, was the first tri-service military exercise the two countries had ever conducted: India had until then held tri-service exercises only with Russia. About 1,200 Indian and 500 American personnel took part, and the scenario was humanitarian assistance and disaster relief: putting stores ashore, setting up a field hospital and moving civilians out of a stricken coastal area. Since the exam it has become a regular fixture, with a tabletop edition at Visakhapatnam in October 2022, a third edition from 18 to 30 March 2024 and a fourth from 1 to 13 April 2025 involving about 3,000 personnel. The other three options are invented names built on the same pattern, and picking between them is guesswork unless the real code name is known.",UnlockIAS_2026-10-09,"[""Defence & Security""]",,2235245bb36fd23ebe666b6f97c74dc99186928b6c0203d52711b1de0ec7bc6c
CDS_2020_I_GK,CDS_I_2020_GK_081,CDS,2020,I,General Knowledge,81,‘Naropa’ is an annual festival of,Sikkim,Ladakh,Arunachal Pradesh,Nagaland,B,TRUSTED_SECONDARY,https://www.unlockias.in/cds-2020-i-general-knowledge,https://www.unlockias.in/cds-2020-i-general-knowledge/q81-naropa-annual-festival,B,"Correct: B, Ladakh. The Naropa festival is held at Hemis in Ladakh, at the largest Buddhist monastery in the region, and it is a twelve-year event, which is why it is often called the Kumbh of the Himalayas. It honours Naropa, the eleventh-century Indian mahasiddha whose Six Yogas are a core practice of the Kagyu lineages, and its central moment is the display of the Six Bone Ornaments associated with him, brought out of the monastery's keeping for the occasion. Hemis itself sits on the bank of the Indus about 45 km from Leh and is the principal seat of the Drukpa Kagyu lineage, which organises the festival. The other three options are all Himalayan or north-eastern states with rich festival calendars of their own, but none of them has any claim on Naropa, whose association is with the Drukpa establishment of Ladakh.",UnlockIAS_2026-10-09,"[""Art & Culture""]",,e729fef053365e47df7a5dd16366dfc141a113af33a2e0697625ddc2cb259e34
CDS_2020_I_GK,CDS_I_2020_GK_082,CDS,2020,I,General Knowledge,82,Which one of the following is India’s official entry for the Best International Feature Film category in the 92nd Academy Awards?,Bulbul Can Sing,Super Deluxe,Gully Boy,And The Oscar Goes To,C,TRUSTED_SECONDARY,https://www.unlockias.in/cds-2020-i-general-knowledge,https://www.unlockias.in/cds-2020-i-general-knowledge/q82-one-india-official-entry-best-international-feature,C,"Correct: C, Gully Boy. Zoya Akhtar's Gully Boy was chosen in September 2019 as India's official entry for the Best International Feature Film category at the 92nd Academy Awards, the ceremony held in February 2020. The category had been renamed that year from Best Foreign Language Film, and each country may submit exactly one title, chosen by a national selection committee: in India's case a panel constituted by the Film Federation of India. The film did not go further: it was not among the ten shortlisted titles and was not nominated. Of the other three, two are genuine 2019 Indian films that were in contention before the committee and one is not a feature film in the relevant sense at all, which is what makes the set work as a question about the selection rather than about the award.",UnlockIAS_2026-10-09,"[""Current Affairs""]",,0eff3d3b06e4e559aef3e09f84d856741b828817bc272643cbe887d88d30643d
CDS_2020_I_GK,CDS_I_2020_GK_083,CDS,2020,I,General Knowledge,83,The Global Goalkeeper Award is given by,the Bill and Melinda Gates Foundation,the United Nations Environment Programme,the Kellogg School of Management,the World Meteorological Organization,A,TRUSTED_SECONDARY,https://www.unlockias.in/cds-2020-i-general-knowledge,https://www.unlockias.in/cds-2020-i-general-knowledge/q83-global-goalkeeper-award,A,"Correct: A, the Bill and Melinda Gates Foundation. Goalkeepers is an initiative the Gates Foundation launched in 2017 to press for progress on the Sustainable Development Goals. It hands out a set of Goalkeepers Global Goals Awards each September, timed to the opening of the United Nations General Assembly in New York. The Global Goalkeeper Award is the senior of them, given to a leader for driving progress on the Goals. In 2019 it went to Prime Minister Narendra Modi for the Swachh Bharat Mission's sanitation drive, a decision that was itself publicly contested. The other three options are all real institutions, but none of them runs this award.",UnlockIAS_2026-10-09,"[""Current Affairs""]",,65da41ecccf18f3de9a8d4c53c95fe2dcb547daa609940155c176151670db466
CDS_2020_I_GK,CDS_I_2020_GK_084,CDS,2020,I,General Knowledge,84,‘Gandhi Solar Park’ is located at,New York,Vladivostok,Thimphu,Houston,A,TRUSTED_SECONDARY,https://www.unlockias.in/cds-2020-i-general-knowledge,https://www.unlockias.in/cds-2020-i-general-knowledge/q84-gandhi-solar-park-located,A,"Correct: A, New York. The Gandhi Solar Park is at the United Nations Headquarters in New York, where Prime Minister Narendra Modi inaugurated it on 25 September 2019 during the General Assembly session. It is a 50-kilowatt rooftop installation of 193 solar panels (one for each member state of the United Nations) funded by India as a gift to the organisation, and it was timed to the 150th birth anniversary of Mahatma Gandhi. The gesture was made alongside India's other climate messaging of that week at the UN Climate Action Summit. The other three options are places that appear in Indian diplomatic news of roughly the same period, which is what makes them plausible, but none of them hosts this installation.",UnlockIAS_2026-10-09,"[""Modern History""]",,63c6a754dba571e277d1eb34d53d0928b1a0ab9358cc1352b1cc8d2100ea3fcd
CDS_2020_I_GK,CDS_I_2020_GK_085,CDS,2020,I,General Knowledge,85,Who among the following was the first to arrive in Africa as traders that eventually led to European colonization of Africa?,French,Spanish,Portuguese,Dutch,C,TRUSTED_SECONDARY,https://www.unlockias.in/cds-2020-i-general-knowledge,https://www.unlockias.in/cds-2020-i-general-knowledge/q85-among-first-arrive-africa-traders-eventually-led,C,"Correct: C, Portuguese. The Portuguese reached the West African coast first and stayed longest. Their voyages down the Atlantic shore through the fifteenth century were driven by gold, pepper and a search for a route to the Indies, and in 1482 they built Elmina Castle on what is now the coast of Ghana: the first trading post on the Gulf of Guinea and still the oldest surviving European building in sub-Saharan Africa. Elmina began as a gold factory and later became a depot in the Atlantic slave trade. That fort is the marker the question is reaching for: a permanent European foothold on African soil, planted by traders, from which territorial control eventually grew. The other three powers followed later. The Dutch took Elmina from the Portuguese only in 1637 and founded Cape Town in 1652, and the oldest modern city founded by Europeans on the continent is that Dutch one: a hundred and seventy years after the Portuguese fort.",UnlockIAS_2026-10-09,"[""Science & Technology""]",,e45c6eb5bc56c735cbf4d4e4d08fb2dff775ea65caef91950560c49635f6b7e3
CDS_2020_I_GK,CDS_I_2020_GK_086,CDS,2020,I,General Knowledge,86,The College of Military Engineering affiliated to Jawaharlal Nehru University is situated at,New Delhi,Dehradun,Nainital,Pune,D,TRUSTED_SECONDARY,https://www.unlockias.in/cds-2020-i-general-knowledge,https://www.unlockias.in/cds-2020-i-general-knowledge/q86-college-military-engineering-affiliated-jawaharlal-nehru-university,D,"Correct: D, Pune. The College of Military Engineering stands at Dapodi in the north of Pune, on the highway beside the Khadki cantonment, and it is the training institution of the Indian Army's Corps of Engineers. It is affiliated to Jawaharlal Nehru University for its combat training and its B.Tech and M.Tech degrees, which is the detail the stem uses to identify it. Its history explains the location: it began as the School of Military Engineering at Thomason College in Roorkee in 1943, moved to Dapodi by 1948 after independence, and was upgraded from school to college in November 1951 to match the degree-level engineering courses it had begun to run. The other three options are all places with genuine defence or academic institutions, which is what makes them plausible, but none of them houses this college.",UnlockIAS_2026-10-09,"[""Defence & Security""]",,142d2b84fa0754db0422d4c571c295da659893b7d5eda65e38581ab5f02c009a
CDS_2020_I_GK,CDS_I_2020_GK_087,CDS,2020,I,General Knowledge,87,Which of the following statements with regard to Coal India Limited (CIL) is/are true? 1. CIL has its headquarters at Kolkata. 2. CIL operates through 82 mining areas spread over twenty provincial States of India. 3. CIL is the single largest coal-producing company in the world. Select the correct answer using the code given below.,1 only,1 and 3 only,2 and 3 only,"1, 2 and 3",B,TRUSTED_SECONDARY,https://www.unlockias.in/cds-2020-i-general-knowledge,https://www.unlockias.in/cds-2020-i-general-knowledge/q87-statements-regard-coal-india-limited-cil-true,B,"Correct: B, 1 and 3 only. Statement 1 is right: Coal India Limited is headquartered at Kolkata , at Coal Bhavan in New Town, Rajarhat. Statement 3 is right as well: CIL is the largest coal producer in the world by output, a position it has held for years on the strength of India's demand for thermal coal. Statement 2 fails on the count of states, not of mining areas. CIL operates through 83 mining areas (a figure that shifts by a unit or two between annual reports, so 82 is within the range the company has published), but those areas lie in eight states , not twenty. The company's eight wholly owned subsidiaries have command areas across Jharkhand, West Bengal, Odisha, Chhattisgarh, Madhya Pradesh, Maharashtra, Uttar Pradesh and Assam.",UnlockIAS_2026-10-09,"[""Geography""]",,7e221475024fba5fa24cae2df329a30812a6fba55986e5a39bfc1936a0e98064
CDS_2020_I_GK,CDS_I_2020_GK_088,CDS,2020,I,General Knowledge,88,Which one of the following climatic types is found in Central Spain?,Subarctic,Mediterranean dry hot summer,Subtropical Steppe,Humid continental warm summer,C,TRUSTED_SECONDARY,https://www.unlockias.in/cds-2020-i-general-knowledge,https://www.unlockias.in/cds-2020-i-general-knowledge/q88-one-climatic-types-found-central-spain,C,"Correct: C, Subtropical Steppe. Central Spain is the Meseta Central , a plateau of about 600 to 700 metres ringed by mountains, and the ring is what makes its climate. The Cantabrians and the Sistema Central block the moist Atlantic westerlies and the Baetic ranges block Mediterranean air from the south-east, leaving the interior dry. Madrid, at about 667 metres on the southern Meseta, is classed as cold semi-arid, Koppen BSk , which is the subtropical steppe type. The interior is also more continental than the coasts: summers are hot, winters genuinely cold, and the annual temperature range far wider than at any coastal Spanish station. The boundary is not sharp: Madrid's western side grades into a Mediterranean Csa, and the key takes the drier steppe classification for the centre.",UnlockIAS_2026-10-09,"[""Geography""]",,3ff339b7ccbd2ec4db9f8fb5025564c80aef10764e3521937d0c2bf09b4f08ac
CDS_2020_I_GK,CDS_I_2020_GK_089,CDS,2020,I,General Knowledge,89,Which one of the following is not among the principal languages of Jammu and Kashmir?,Urdu,Gujari,Koshur,Monpa,D,TRUSTED_SECONDARY,https://www.unlockias.in/cds-2020-i-general-knowledge,https://www.unlockias.in/cds-2020-i-general-knowledge/q89-one-among-principal-languages-jammu-kashmir,D,"Correct: D, Monpa. Monpa belongs to Arunachal Pradesh, not to Jammu and Kashmir. It is the language of the Monpa people, about fifty thousand strong, concentrated in Tawang district (where they are the great majority) and in West Kameng, and it is a Tibeto-Burman language written in the Tibetan script. The other three options are all genuinely of Jammu and Kashmir. Koshur is Kashmiri, the single largest language of the territory at close to fifty-three per cent of speakers. Urdu was the official language of the state for decades and remains one of the official languages today. Gujari, or Gojri, is the language of the Gujjar and Bakerwal communities and is spoken by about nine per cent of the population, which places it third after Kashmiri and Dogri. So the odd one out is the one from the eastern Himalaya.",UnlockIAS_2026-10-09,"[""History""]",,62ae295be97a1a16694f02592152eef47c1b9c0a2021e97ba6f8776adc4979f1
CDS_2020_I_GK,CDS_I_2020_GK_090,CDS,2020,I,General Knowledge,90,The major part of Central Asia is dominated by which one of the following language families?,Indo-European,Sino-Tibetan,Austric,Altaic,D,TRUSTED_SECONDARY,https://www.unlockias.in/cds-2020-i-general-knowledge,https://www.unlockias.in/cds-2020-i-general-knowledge/q90-major-part-central-asia-dominated-one-language,D,"Correct: D, Altaic. The great majority of Central Asians speak Turkic languages (Kazakh, Uzbek, Kyrgyz and Turkmen among them) and Turkic is the largest of the three families traditionally grouped together as Altaic, alongside Mongolic and Tungusic. The grouping takes its name from the Altai mountains, which sit at roughly the geographical centre of the three, and its speakers spread across Northern, Eastern and Central Asia. On that reckoning Central Asia is Altaic country, and the key follows the classification used in Indian textbooks. One qualification belongs in an honest card: modern linguistics has moved away from treating Altaic as a genuine family. Most linguists now regard it as obsolete as a genetic grouping and attribute the resemblances to long contact (a sprachbund rather than common descent) while a significant academic minority still argues for the family. The name remains the standard label for the region's languages even where the genetic claim is doubted.",UnlockIAS_2026-10-09,"[""International Relations""]",,bedcb1bebe02afaff4958ce02dc00ea0af15e15da43440cbc530d1fcd321e94f
CDS_2020_I_GK,CDS_I_2020_GK_091,CDS,2020,I,General Knowledge,91,Which one of the following Articles was defended by Dr. B. R. Ambedkar on the plea that it would be used as ‘a matter of last resort’?,Article 352,Article 359,Article 356,Article 368,C,TRUSTED_SECONDARY,https://www.unlockias.in/cds-2020-i-general-knowledge,https://www.unlockias.in/cds-2020-i-general-knowledge/q91-one-articles-defended-ambedkar-plea-matter-last,C,"Correct: C, Article 356. Article 356 lets the President, on a report from the Governor of a State or otherwise, declare that the government of that State cannot be carried on in accordance with the Constitution and assume its functions to himself: what everyone calls President's Rule . When the Constituent Assembly attacked the emergency provisions as a licence for the Centre to strangle the provinces, Ambedkar defended them as an insurance policy, not an instrument of routine government. He set out a ladder for the President to climb before the last rung: first a warning to the State that it is not governing constitutionally, then an order for a fresh election so the electorate can settle the matter, and only if both fail, Central rule. His hope, as the debates record it, was that such articles 'will never be called into operation and that they would remain a dead letter'.",UnlockIAS_2026-10-09,"[""Indian Polity""]",,89206164f87e52bb64221da1d003097f2df633069f8f3d4bb7f05e9a80cd7f2c
CDS_2020_I_GK,CDS_I_2020_GK_092,CDS,2020,I,General Knowledge,92,What is the ground on which the Supreme Court can refuse relief under Article 32?,The aggrieved person can get remedy from another court,That disputed facts have to be investigated,That no fundamental right has been infringed,That the petitioner has not asked for the proper writ applicable to his/her case,C,TRUSTED_SECONDARY,https://www.unlockias.in/cds-2020-i-general-knowledge,https://www.unlockias.in/cds-2020-i-general-knowledge/q92-ground-supreme-court-refuse-relief-under-article,C,"Correct: C, That no fundamental right has been infringed. Article 32 is not a general grievance window; it is the right to move the Supreme Court 'for the enforcement of the rights conferred by this Part', that is, by Part III. The jurisdiction is therefore keyed to a single question: has a Fundamental Right been violated? If the answer is no, the Court has nothing under Article 32 to enforce, and it refuses relief for want of jurisdiction rather than as a matter of discretion. That makes it the ground in the strict sense. The other three are reasons a Bench may decline in a particular case while the door stays open: a petitioner sent to the High Court under Article 226 may come back, a petitioner who asked for the wrong writ may be granted the right one, and a dispute turning on contested facts may be sent to a forum that can take evidence.",UnlockIAS_2026-10-09,"[""Indian Polity""]",,26f40e6948a990c8381d3e59349c81387f471435dd9c95ad7372b8dc8ead4da7
CDS_2020_I_GK,CDS_I_2020_GK_093,CDS,2020,I,General Knowledge,93,The Ministry of Heavy Industries and Public Enterprises consists of,the Department of Heavy Industry and the Department for Promotion of Industry and Internal Trade,the Department of Public Enterprises and the Department for Promotion of Industry and Internal Trade,the Department of Scientific and Industrial Research and the Department of Heavy Industry,the Department of Heavy Industry and the Department of Public Enterprises,D,TRUSTED_SECONDARY,https://www.unlockias.in/cds-2020-i-general-knowledge,https://www.unlockias.in/cds-2020-i-general-knowledge/q93-ministry-heavy-industries-public-enterprises-consists,D,"Correct: D, the Department of Heavy Industry and the Department of Public Enterprises. The ministry's name at the time of the exam gives the answer: 'Heavy Industries and Public Enterprises' names two halves, and each half was a department. The Department of Heavy Industry handled the engineering, machine-tool, automotive and heavy-electrical sectors and the central public sector undertakings in them. The Department of Public Enterprises was the government's nodal department for policy on central public sector enterprises generally. The Department for Promotion of Industry and Internal Trade, which appears in two of the wrong options, belongs to a different ministry altogether, and the Department of Scientific and Industrial Research belongs to a third.",UnlockIAS_2026-10-09,"[""Indian Polity""]",,208ea7bf9aee669bc69be33c3b59914e6d938e2f642a4d799b5af3a006ce1257
CDS_2020_I_GK,CDS_I_2020_GK_094,CDS,2020,I,General Knowledge,94,The First Delimitation Commission in India was constituted in,1949,1950,1951,1952,D,TRUSTED_SECONDARY,https://www.unlockias.in/cds-2020-i-general-knowledge,https://www.unlockias.in/cds-2020-i-general-knowledge/q94-first-delimitation-commission-india-constituted,D,"Correct: D, 1952. Delimitation in India is not done by the Election Commission on its own initiative. It is done by a Delimitation Commission set up under a law made by Parliament for that purpose, as Article 82 requires after every census. The first such law was the Delimitation Commission Act, 1952, and the first Commission was constituted under it that year, to redraw parliamentary and assembly constituencies on the basis of the 1951 Census. The earlier dates in the options belong to other founding moments that candidates blur together (the Constituent Assembly's final year, the commencement of the Constitution and the first Census of independent India), none of which produced a Delimitation Commission.",UnlockIAS_2026-10-09,"[""Indian Polity""]",,3499db6ace01cf87b268cda8c0a45f6a95564281096de6ff1f6656669243dfa4
CDS_2020_I_GK,CDS_I_2020_GK_095,CDS,2020,I,General Knowledge,95,"Who among the following stated in the Constituent Assembly that on 26th January, 1950, India was going to enter a life of contradictions?",Dr. B. R. Ambedkar,Jawaharlal Nehru,Mahatma Gandhi,S. P. Mukherjee,A,TRUSTED_SECONDARY,https://www.unlockias.in/cds-2020-i-general-knowledge,https://www.unlockias.in/cds-2020-i-general-knowledge/q95-among-stated-constituent-assembly-26th-january-1950,A,"Correct: A, Dr. B. R. Ambedkar. The line comes from his concluding speech to the Constituent Assembly on 25 November 1949, the day before the Constitution was adopted. Speaking of what would happen when it commenced, he said: 'On the 26th of January 1950, we are going to enter into a life of contradictions. In politics we will have equality and in social and economic life we will have inequality.' The contradiction he named was between the political principle of one person one vote and one vote one value, and a social and economic structure that continued to deny one person one value, and he warned that those who suffered the inequality would eventually blow up the structure of political democracy the Assembly had so laboriously built. The same speech contains his two other famous warnings, against the 'grammar of anarchy' and against hero-worship in politics.",UnlockIAS_2026-10-09,"[""Indian Polity""]",,138750fa27c44095ca070cf72583744eca6e83033f1d13b7a25c7839a2c0b823
CDS_2020_I_GK,CDS_I_2020_GK_096,CDS,2020,I,General Knowledge,96,The power of the Supreme Court to decide in the case of a dispute between two or more States is called,original jurisdiction,inherent jurisdiction,plenary jurisdiction,advisory jurisdiction,A,TRUSTED_SECONDARY,https://www.unlockias.in/cds-2020-i-general-knowledge,https://www.unlockias.in/cds-2020-i-general-knowledge/q96-power-supreme-court-decide-case-dispute-between,A,"Correct: A, original jurisdiction. A court exercises original jurisdiction when a dispute is brought to it first, not on appeal from a lower court. Article 131 gives the Supreme Court exactly that power over federal disputes, wherever the dispute involves a question on which a legal right depends. It covers disputes between the Government of India and one or more States; between the Government of India and any State or States on one side and one or more other States on the other; and between two or more States. The jurisdiction is exclusive as well as original: no other court in the country can hear a suit of that kind. That is why a boundary or river-water dispute between two States, if framed as a legal right, goes straight to the Supreme Court.",UnlockIAS_2026-10-09,"[""Indian Polity""]",,0d193389895bbf12298cad56d90be228af50570c81b4af85293d2c6fbf6f6278
CDS_2020_I_GK,CDS_I_2020_GK_097,CDS,2020,I,General Knowledge,97,Who among the following is the Chairman of the Economic Advisory Council to the Prime Minister (EAC-PM)?,Ratan P. Watal,Bibek Debroy,Ashima Goyal,Sajjid Chinoy,B,TRUSTED_SECONDARY,https://www.unlockias.in/cds-2020-i-general-knowledge,https://www.unlockias.in/cds-2020-i-general-knowledge/q97-among-chairman-economic-advisory-council-prime-minister,B,"Correct: B, Bibek Debroy. The Economic Advisory Council to the Prime Minister was reconstituted on 25 September 2017 with the economist Bibek Debroy as its Chairman, and he held that office at the time of this February 2020 paper. The other three names in the options were not decoys picked at random: all of them were associated with the same Council, which is what makes the item hard. Ratan P. Watal was its Member-Secretary, and Ashima Goyal and Sajjid Chinoy were among its part-time members. Present-day position, because it has moved twice since the exam: Debroy died on 1 November 2024, Suman Bery of NITI Aayog held additional charge as interim Chairman, and S. Mahendra Dev was appointed Chairman in 2025.",UnlockIAS_2026-10-09,"[""Indian Economy""]",,6ee6fd7ffbd2758babd074492792ec8769ef87c8fe8f9688a1b550f68166ded9
CDS_2020_I_GK,CDS_I_2020_GK_098,CDS,2020,I,General Knowledge,98,Hilsa is the national fish of,Pakistan,India,Bangladesh,Nepal,C,TRUSTED_SECONDARY,https://www.unlockias.in/cds-2020-i-general-knowledge,https://www.unlockias.in/cds-2020-i-general-knowledge/q98-hilsa-national-fish,C,"Correct: C, Bangladesh. Hilsa, called ilish in Bengali, is the national fish of Bangladesh, and the claim is backed by more than sentiment. The fish accounts for about twelve per cent of Bangladesh's total fish production, and Bangladesh supplies roughly ninety-seven per cent of the world's ilish. In August 2017 the country's Department of Patents, Designs and Trademarks recognised it as a Geographical Indication of Bangladesh. Hilsa is anadromous (it lives in the sea and runs up rivers to breed) and the Padma and Meghna runs are the heart of the fishery, which is why the fish is bound up with Bengali food, festivals and even diplomacy.",UnlockIAS_2026-10-09,"[""Current Affairs""]",,e41e64c64af17f7fed866fcd71df984a9c546924a4e6d6270d458533c2c27080
CDS_2020_I_GK,CDS_I_2020_GK_099,CDS,2020,I,General Knowledge,99,"The Vijaynagar Advanced Landing Ground of the Indian Air Force, which was reopened recently, is located in",Jammu and Kashmir,Arunachal Pradesh,Karnataka,Himachal Pradesh,B,TRUSTED_SECONDARY,https://www.unlockias.in/cds-2020-i-general-knowledge,https://www.unlockias.in/cds-2020-i-general-knowledge/q99-vijaynagar-advanced-landing-ground-indian-air-force,B,"Correct: B, Arunachal Pradesh. Vijaynagar lies in the Changlang district of Arunachal Pradesh, in the far south-east of the State near the Myanmar border, and its airstrip was built in 1962. For more than sixty years it was the settlement's only link with the rest of the country, because no motorable road reached it. The runway had been laid with pierced steel plate, which the humid climate wore out, and heavy aircraft stopped using it in 2016. It was resurfaced in asphalt to about 1,213 metres, and reopened in September 2019: the reopening the paper refers to. An Advanced Landing Ground is precisely this kind of asset: a short forward airstrip near a sensitive frontier, kept usable for transport aircraft and helicopters that supply troops and isolated villages.",UnlockIAS_2026-10-09,"[""Defence & Security""]",,3182f39ca59b190b8a75e7ef332db6d24508b4d9c384640c4d76bee775d0df71
CDS_2020_I_GK,CDS_I_2020_GK_100,CDS,2020,I,General Knowledge,100,"Rustom-2, which crashed in Karnataka recently, was a/an",fighter aircraft,helicopter,transport aircraft,unmanned aerial vehicle,D,TRUSTED_SECONDARY,https://www.unlockias.in/cds-2020-i-general-knowledge,https://www.unlockias.in/cds-2020-i-general-knowledge/q100-rustom-crashed-karnataka-recently,D,"Correct: D, unmanned aerial vehicle. Rustom-2, later renamed TAPAS-BH-201, is a twin-engine medium-altitude long-endurance unmanned aerial vehicle built by the Aeronautical Development Establishment of the Defence Research and Development Organisation, developed from the earlier Rustom-H. It is a surveillance platform, not a strike aircraft: DRDO has stated plainly that it is a UAV and not an unmanned combat aerial vehicle. The crash the paper refers to happened on 17 September 2019 near Jodichikkenahalli in Chitradurga district of Karnataka, during a trial from the Aeronautical Test Range at Challakere; nobody was hurt, which is one of the practical arguments for unmanned testing in the first place. The programme recovered from it: satellite communication was demonstrated in 2020, an altitude of 28,000 feet with eighteen hours of endurance by March 2022, and the two-hundredth flight by June 2023.",UnlockIAS_2026-10-09,"[""Defence & Security""]",,c6fccc9fb89994e4e98687c5066cab0f7ac87a772c050a7fe0b36240ece299dc
CDS_2020_I_GK,CDS_I_2020_GK_101,CDS,2020,I,General Knowledge,101,"The maiden trilateral naval exercise involving India, Singapore and Thailand was held at",Port Blair,Chennai,Panaji,Kochi,A,TRUSTED_SECONDARY,https://www.unlockias.in/cds-2020-i-general-knowledge,https://www.unlockias.in/cds-2020-i-general-knowledge/q101-maiden-trilateral-naval-exercise-involving-india-singapore,A,"Correct: A, Port Blair. The maiden Singapore-India-Thailand Maritime Exercise, SITMEX, ran from 16 to 20 September 2019 and was hosted by India. It was built in two parts: a harbour phase at Port Blair in the Andaman and Nicobar Islands, with expert exchanges, pre-sail conferences and even basketball between the ships' teams, followed by a sea phase in the Andaman Sea. India contributed the guided-missile destroyer INS Ranvir, the missile corvette INS Kora and the offshore patrol vessel INS Sukanya, along with maritime patrol aircraft; Singapore sent the frigate RSS Tenacious and Thailand the frigate HTMS Kraburi. Port Blair is the natural venue because the Andaman and Nicobar Command sits astride the approaches to the Strait of Malacca, which is exactly the water the three navies were exercising to keep open.",UnlockIAS_2026-10-09,"[""Defence & Security""]",,f59cbbc2931e5941d04d50ac39e468ca298471af2a175ccdd0db790a2f78c5b9
CDS_2020_I_GK,CDS_I_2020_GK_102,CDS,2020,I,General Knowledge,102,The creation of a Federal Court in India was advocated by which of the following Acts/Commissions?,"The Government of India Act, 1919","The Lee Commission, 1923","The Government of India Act, 1935","The Indian Councils Act, 1909",C,TRUSTED_SECONDARY,https://www.unlockias.in/cds-2020-i-general-knowledge,https://www.unlockias.in/cds-2020-i-general-knowledge/q102-creation-federal-court-india-advocated-acts-commissions,C,"Correct: C, The Government of India Act, 1935. The 1935 Act was the first to provide for a Federal Court, and it did so because it was the first to attempt a federation. A federal structure needs an umpire to settle disputes between the Centre and the units and to interpret the constitutional division of powers, and Part IX of the Act created one for that purpose. The Court was constituted in 1937 with an original jurisdiction over disputes between the federation and the provinces, an appellate jurisdiction in cases involving interpretation of the Act, and an advisory jurisdiction on references by the Governor-General. It functioned until the Supreme Court of India replaced it in 1950, and it is the direct ancestor of the jurisdictions listed in Articles 131, 132 and 143 today.",UnlockIAS_2026-10-09,"[""Indian Polity""]",,c7197431d3324370bd3812e6518834c38745c242dac285f4c4ebc70c1231f1b9
CDS_2020_I_GK,CDS_I_2020_GK_103,CDS,2020,I,General Knowledge,103,Who founded the ‘Seva Samiti’ at Allahabad in 1914?,Hridayanath Kunzru,G. K. Gokhale,Shri Ram Bajpai,T. B. Sapru,A,TRUSTED_SECONDARY,https://www.unlockias.in/cds-2020-i-general-knowledge,https://www.unlockias.in/cds-2020-i-general-knowledge/q103-founded-seva-samiti-allahabad-1914,A,"Correct: A, Hridayanath Kunzru. Kunzru was a member of the Servants of India Society, the body Gopal Krishna Gokhale had founded in 1905 to train men for the full-time, salaried, non-political service of the country, and he became its life President in 1936. The Seva Samiti he set up at Allahabad in 1914 belongs to that tradition: a voluntary social-service organisation for relief work, work at fairs and pilgrimages, and civic service, rather than a political association. Kunzru's later public life ran along the same line: he was among the founders of Indian Scouting and became the first National Commissioner of the Bharat Scouts and Guides, serving from 1952 to 1957.",UnlockIAS_2026-10-09,"[""Modern History""]",,6b12347bfadf7e1b6d8351720c4dc60d6df665b6af4739bd139cb799f9af8c11
CDS_2020_I_GK,CDS_I_2020_GK_104,CDS,2020,I,General Knowledge,104,The State of Hyderabad in the Deccan officially acceded to the Indian Union in the year,1948,1950,1949,1947,B,TRUSTED_SECONDARY,https://www.unlockias.in/cds-2020-i-general-knowledge,https://www.unlockias.in/cds-2020-i-general-knowledge/q104-state-hyderabad-deccan-officially-acceded-indian-union,B,"Correct: B, 1950. The word carrying the weight in the stem is 'officially'. Three separate dates belong to Hyderabad's absorption, and only the last is an accession in the legal sense. In September 1948 the Indian Army entered the State in the operation code-named Polo, and the Nizam's forces surrendered at five in the evening on 17 September: a military settlement, not an instrument of accession. On 24 November 1949 the Nizam issued a firman accepting that the Constitution of India would apply to Hyderabad. The Instrument of Accession itself was signed on 25 January 1950, the day before the Constitution came into force, and the Nizam took the new title of Rajpramukh of Hyderabad as a Part B State of the Union. That signature in 1950 is what the key is pointing at.",UnlockIAS_2026-10-09,"[""History""]",,ab574743746a735c62bb69176f0726233aa366f1f9afcbd6c13c1ab90c746e68
CDS_2020_I_GK,CDS_I_2020_GK_105,CDS,2020,I,General Knowledge,105,The Hunter Commission (1882) appointed to survey the state of education in India,deprecated University education,overruled the Despatch of 1854,endorsed the Despatch of 1854 with greater emphasis on primary education,criticized the grants-in-aid system of schooling,C,TRUSTED_SECONDARY,https://www.unlockias.in/cds-2020-i-general-knowledge,https://www.unlockias.in/cds-2020-i-general-knowledge/q105-hunter-commission-1882-appointed-survey-state-education,C,"Correct: C, endorsed the Despatch of 1854 with greater emphasis on primary education. The Commission of 1882, presided over by William Wilson Hunter , was appointed to review how far the education policy laid down in Wood's Despatch of 1854 had actually been carried out. Its conclusion was continuity with a shift of weight. The framework of the Despatch stood, but the state's first duty was declared to be the extension and improvement of elementary education for the mass of the people, which was to be handed to the newly created district and municipal boards. Secondary and collegiate education was to pass progressively to private hands supported by grants-in-aid. So the Despatch was reaffirmed, not overturned, and primary schooling was pushed to the front of the queue.",UnlockIAS_2026-10-09,"[""Modern History""]",,654def6489cb720316565c56096481c63c0519b7a630845712eec4847c8d0c51
CDS_2020_I_GK,CDS_I_2020_GK_106,CDS,2020,I,General Knowledge,106,The power to legislate on all matters relating to elections to Panchayats lies with,the Parliament of India,the State Legislatures,the State Election Commission,the Election Commission of India,B,TRUSTED_SECONDARY,https://www.unlockias.in/cds-2020-i-general-knowledge,https://www.unlockias.in/cds-2020-i-general-knowledge/q106-power-legislate-all-matters-relating-elections-panchayats,B,"Correct: B, the State Legislatures. Article 243K settles this in four clauses. The first vests the superintendence, direction and control of the preparation of electoral rolls and the conduct of Panchayat elections in a State Election Commission, headed by a State Election Commissioner appointed by the Governor. The fourth is the one the question asks about: subject to the provisions of the Constitution, the Legislature of a State may by law make provision with respect to all matters relating to, or in connection with, elections to the Panchayats. So conducting the elections and legislating about them are two different functions given to two different authorities, and the law-making half belongs to the State Legislature.",UnlockIAS_2026-10-09,"[""Indian Polity""]",,4f1c21798338b1aca7700b93e3e3292f1f44784acd2549daabb3e80ac6887bba
CDS_2020_I_GK,CDS_I_2020_GK_107,CDS,2020,I,General Knowledge,107,The 11th Schedule of the Constitution of India distributes powers between,the Union and the State Legislatures,the State Legislatures and the Panchayat,the Municipal Corporation and the Panchayat,the Gram Sabha and the Panchayat,B,TRUSTED_SECONDARY,https://www.unlockias.in/cds-2020-i-general-knowledge,https://www.unlockias.in/cds-2020-i-general-knowledge/q107-11th-schedule-constitution-india-distributes-powers-between,B,"Correct: B, the State Legislatures and the Panchayat. The Eleventh Schedule was inserted by the 73rd Amendment and is read with Article 243G, which says that the Legislature of a State may by law endow the Panchayats with such powers and authority as may be necessary to enable them to function as institutions of self-government, including with respect to the preparation of plans and the implementation of schemes for the twenty-nine matters listed in that Schedule. The Schedule is therefore a menu, and the State Legislature is the hand that serves from it: agriculture, minor irrigation, animal husbandry, rural housing, drinking water, roads, poverty alleviation, primary education, health, the public distribution system and the rest. Devolution is not automatic, which is precisely why the two parties in the answer are the State Legislature on one side and the Panchayat on the other.",UnlockIAS_2026-10-09,"[""Indian Polity""]",,c576447d3b8bca035e180e188c00a1fc1de9a878528f76ec7240c0eb984ad41e
CDS_2020_I_GK,CDS_I_2020_GK_108,CDS,2020,I,General Knowledge,108,The provisions of the Constitution of India pertaining to the institution of Panchayat do not apply to which one of the following States?,Meghalaya,Tripura,Assam,Goa,A,TRUSTED_SECONDARY,https://www.unlockias.in/cds-2020-i-general-knowledge,https://www.unlockias.in/cds-2020-i-general-knowledge/q108-provisions-constitution-india-pertaining-institution-panchayat-apply,A,"Correct: A, Meghalaya. Article 243M is the exemption clause of Part IX, and it names three States outright: Nagaland, Meghalaya and Mizoram. The reason is that a different and older system of local self-government is already in place there. In Meghalaya it is the Autonomous District Councils of the Sixth Schedule (the Khasi Hills, Jaintia Hills and Garo Hills councils), which perform the functions a Panchayat would otherwise perform. Article 243M also exempts certain areas elsewhere, such as the Scheduled Areas and the hill areas of Manipur, but Meghalaya is the only option here kept out of Part IX as a whole.",UnlockIAS_2026-10-09,"[""Indian Polity""]",,ab422f6003183cc94d3f485b59f64082627b2102cbcda28a2beb1a407ca89a08
CDS_2020_I_GK,CDS_I_2020_GK_109,CDS,2020,I,General Knowledge,109,Which one of the following rivers does not drain into Black Sea?,Volga,Dnieper,Don,Danube,A,TRUSTED_SECONDARY,https://www.unlockias.in/cds-2020-i-general-knowledge,https://www.unlockias.in/cds-2020-i-general-knowledge/q109-one-rivers-drain-black-sea,A,"Correct: A, Volga. The Volga is Europe's longest river, about 3,530 kilometres from the Valdai Hills to a delta below Astrakhan, and that delta opens into the Caspian Sea, not the Black Sea. Because the Caspian has no outlet to any ocean, the Volga belongs to an inland drainage basin: it is the largest river in the world that ends in a closed sea. The other three all reach the Black Sea. The Danube crosses or touches ten countries and enters through a delta on the Romanian and Ukrainian border; the Dnieper runs down through Belarus and Ukraine past Kyiv; and the Don flows into the Sea of Azov, which connects to the Black Sea through the Strait of Kerch, so it drains into the Black Sea system.",UnlockIAS_2026-10-09,"[""Geography""]",,84b5f25f58d130e216049ec2423b235fc273698c74aeb22e8c56697bcf676e5b
CDS_2020_I_GK,CDS_I_2020_GK_110,CDS,2020,I,General Knowledge,110,The National Water Academy (NWA) is located at,Dehradun,Hyderabad,Bhopal,Khadakwasla,D,TRUSTED_SECONDARY,https://www.unlockias.in/cds-2020-i-general-knowledge,https://www.unlockias.in/cds-2020-i-general-knowledge/q110-national-water-academy-nwa-located,D,"Correct: D, Khadakwasla. The National Water Academy is the in-house training institute of the Central Water Commission, and it sits at Khadakwasla near Pune, on the campus of the Central Water and Power Research Station. It runs induction training for newly recruited officers of the Central Water Engineering Service, orientation and refresher courses, and capacity-building programmes on dam safety, flood forecasting, hydrology and water management for engineers from the Centre, the States and neighbouring countries. Khadakwasla itself, about sixteen kilometres south-west of Pune, is a cluster of national institutions built around the reservoir: besides the water research station it holds the National Defence Academy and the Defence Institute of Advanced Technology.",UnlockIAS_2026-10-09,"[""Geography""]",,f033a1055eb093acaf03d7b2fb8580dd0ff666b10d949e8c920e81c17b1b60f0
CDS_2020_I_GK,CDS_I_2020_GK_111,CDS,2020,I,General Knowledge,111,Which one of the following is the correct sequence of formation of the Commissions starting from the earliest?,"Finance Commission, Planning Commission, Investment Commission, Election Commission","Election Commission, Planning Commission, Finance Commission, Investment Commission","Planning Commission, Election Commission, Finance Commission, Investment Commission","Investment Commission, Finance Commission, Planning Commission, Election Commission",B,TRUSTED_SECONDARY,https://www.unlockias.in/cds-2020-i-general-knowledge,https://www.unlockias.in/cds-2020-i-general-knowledge/q111-one-correct-sequence-formation-commissions-starting-earliest,B,"Correct: B, Election Commission, Planning Commission, Finance Commission, Investment Commission. Three sourced dates settle the whole item. The Election Commission of India came into being on 25 January 1950 under Article 324, the day before the Constitution commenced, which is why that date is now observed as National Voters' Day. The Planning Commission followed within weeks, created by a government resolution on 15 March 1950 with no constitutional or statutory basis at all. The First Finance Commission was constituted in 1951 under Article 280, with K. C. Neogy as Chairman, and reported for the period 1952 to 1957. The Investment Commission is a creature of the 2000s and comes last. Only option (b) puts those first three in the order 25 January 1950, 15 March 1950, 1951.",UnlockIAS_2026-10-09,"[""Indian Polity""]",,95308c34d8fe0373724ad845d7ff8ffb9ac9c89342fcf9fd0c83ab1fa811a45f
CDS_2020_I_GK,CDS_I_2020_GK_112,CDS,2020,I,General Knowledge,112,The formulation of policy in respect to Intellectual Property Rights (IPRs) is the responsibility of,the Ministry of Law and Justice,the Department of Science and Technology,the Department for Promotion of Industry and Internal Trade,the Ministry of Human Resource Development,C,TRUSTED_SECONDARY,https://www.unlockias.in/cds-2020-i-general-knowledge,https://www.unlockias.in/cds-2020-i-general-knowledge/q112-formulation-policy-respect-intellectual-property-rights-iprs,C,"Correct: C, the Department for Promotion of Industry and Internal Trade. Intellectual property in India is administered as an industrial-policy subject rather than a legal or scientific one, and the department that owns it is the Department for Promotion of Industry and Internal Trade in the Ministry of Commerce and Industry. It houses the Office of the Controller General of Patents, Designs and Trade Marks, under which the patent offices, the trade marks registry, the designs office and the geographical indications registry work, and it is the nodal body that framed the National Intellectual Property Rights Policy of 2016. That policy is also where India's position on the World Trade Organization's TRIPS Agreement and the Doha Development Agenda is set out.",UnlockIAS_2026-10-09,"[""Indian Economy""]",,426498e5f2b1f9410b061916ded7b5ea089ef376370c6270ecb1aedab39911d8
CDS_2020_I_GK,CDS_I_2020_GK_113,CDS,2020,I,General Knowledge,113,Which one of the following is the latest addition to the AYUSH group of health care system?,Unani,Siddha,Sowa-Rigpa,Reiki,C,TRUSTED_SECONDARY,https://www.unlockias.in/cds-2020-i-general-knowledge,https://www.unlockias.in/cds-2020-i-general-knowledge/q113-one-latest-addition-ayush-group-health-care,C,"Correct: C, Sowa-Rigpa. The acronym AYUSH was built from Ayurveda, Yoga and Naturopathy, Unani, Siddha and Homoeopathy, and those were the systems the department, later the Ministry, began with. Sowa-Rigpa is the addition. It is the Himalayan and Tibetan system of medicine practised in Ladakh, Himachal Pradesh, Sikkim and Arunachal Pradesh, and the Government of India recognised it in 2010 as a science of healing, later approving a National Institute of Sowa-Rigpa at Leh in Ladakh for research and development in it. Unani and Siddha are in the acronym itself and so cannot be the latest addition, and Reiki is not part of AYUSH at all.",UnlockIAS_2026-10-09,[],,465bf3acbfd1ed0fcc32caa23a0aa9f37d1c43e3413aa23530a1a9085ea88f61
CDS_2020_I_GK,CDS_I_2020_GK_114,CDS,2020,I,General Knowledge,114,Which one of the following is the nodal agency in India for the United Nations Environment Programme?,"The Ministry of Environment, Forest and Climate Change",The Ministry of Science and Technology,The Ministry of Earth Sciences,The Ministry of Home Affairs,A,TRUSTED_SECONDARY,https://www.unlockias.in/cds-2020-i-general-knowledge,https://www.unlockias.in/cds-2020-i-general-knowledge/q114-one-nodal-agency-india-united-nations-environment,A,"Correct: A, The Ministry of Environment, Forest and Climate Change. The Ministry describes itself as the nodal agency in the country for the United Nations Environment Programme, and in the same breath for the South Asia Co-operative Environment Programme, the International Centre for Integrated Mountain Development and the follow-up of the United Nations Conference on Environment and Development. The work is done through its International Cooperation Division, which is also the nodal division for the Global Environment Facility. That fits the Ministry's general character: it is the nodal agency in the Central Government for planning, promoting, coordinating and overseeing India's environmental and forestry policies and programmes, so international environmental cooperation naturally sits with it.",UnlockIAS_2026-10-09,"[""Environment & Ecology""]",,abd29a84cd677c1dd2a49657dc3dd0eedc15e5b0e0fdeed04342d7bec396ae1c
CDS_2020_I_GK,CDS_I_2020_GK_115,CDS,2020,I,General Knowledge,115,"According to the Census 2011, in India, what is the percentage of people (approximately) considered to be migrants (internal), i.e., now settled in a place different from their previous residence?",25%,35%,45%,55%,B,TRUSTED_SECONDARY,https://www.unlockias.in/cds-2020-i-general-knowledge,https://www.unlockias.in/cds-2020-i-general-knowledge/q115-according-census-2011-india-percentage-people-approximately,B,"Correct: B, 35%. Census 2011 counted 453.6 million migrants in a population of 1,210,854,977, which works out to about 37.8 per cent. Of the four figures offered, 35 per cent is by far the closest, which is what the word 'approximately' in the stem is doing. The scale surprises people because migration is counted by place of last residence , so it includes every short move: a woman who marries into the next village, a family that shifts from one town to another within the same district. Those short-distance moves, not the long-distance labour migration that dominates the news, are the bulk of the number. Marriage is the single largest reason recorded, which is also why the female migration rate runs far above the male one.",UnlockIAS_2026-10-09,"[""Geography""]",,9b9edc11cee478c52e403f7cc983654e0a6040ec8eb7a10ff48553dd0b01bcd1
CDS_2020_I_GK,CDS_I_2020_GK_116,CDS,2020,I,General Knowledge,116,Suppose an agricultural labourer earns ₹400 per day in her village. She gets a job to work as babysitter in a nearby town @ ₹700 per day. She chose to work as agricultural labourer. Which one of the following is the opportunity cost of the agricultural labourer?,"₹1,100",₹700,₹400,₹300,B,TRUSTED_SECONDARY,https://www.unlockias.in/cds-2020-i-general-knowledge,https://www.unlockias.in/cds-2020-i-general-knowledge/q116-suppose-agricultural-labourer-earns-400-per-day,B,"Correct: B, ₹700. Opportunity cost is the value of the next best alternative given up when a choice is made, and it is measured by what you did not take, never by what you took. By working in her village for ₹400 a day she gave up the babysitting job in town that would have paid ₹700 a day. So the opportunity cost of her choice is ₹700: the whole value of the alternative forgone , not the difference between the two. The ₹300 gap is the net loss of income from her decision, which is a different quantity and the trap the option set is built around.",UnlockIAS_2026-10-09,"[""Science & Technology""]",,5f43b23a94e97f3434def8d8e2fa5db68601694231563098c07d7b7d01681b88
CDS_2020_I_GK,CDS_I_2020_GK_117,CDS,2020,I,General Knowledge,117,Match List—I with List—II and select the correct answer using the code given below the Lists: List—I (Market structure) A. Perfect competition B. Monopoly C. Monopolistic competition D. Oligopoly List—II (Characteristic) 1. Only one producer selling one commodity 2. Few producers selling similar or almost similar products 3. Many producers selling differentiated products 4. Many producers selling similar products Code:,A B C D : 4 3 1 2,A B C D : 4 1 3 2,A B C D : 2 1 3 4,A B C D : 2 3 1 4,B,TRUSTED_SECONDARY,https://www.unlockias.in/cds-2020-i-general-knowledge,https://www.unlockias.in/cds-2020-i-general-knowledge/q117-match-list-list-select-correct-answer-using,B,"Correct: B, A B C D : 4 1 3 2. Two variables define these four market structures: how many sellers there are, and whether their product is identical or differentiated. Perfect competition has many producers selling an identical product, which is entry 4, many producers selling similar products. Monopoly is the single seller, entry 1, only one producer selling one commodity. Monopolistic competition keeps the large number of sellers but gives each a product of its own through branding, packaging or quality, which is entry 3, many producers selling differentiated products. Oligopoly is the small-numbers case, entry 2, few producers selling similar or almost similar products. So A is 4, B is 1, C is 3 and D is 2.",UnlockIAS_2026-10-09,"[""Indian Economy""]",,f51b35ccd077097b7c01c2d1458ed93dcfbd7b152afc503c07f7a6d62924f473
CDS_2020_I_GK,CDS_I_2020_GK_118,CDS,2020,I,General Knowledge,118,"Which one of the following was the host country for World Tourism Day, 2019?",USA,India,Russia,Canada,B,TRUSTED_SECONDARY,https://www.unlockias.in/cds-2020-i-general-knowledge,https://www.unlockias.in/cds-2020-i-general-knowledge/q118-one-host-country-world-tourism-day-2019,B,"Correct: B, India. World Tourism Day is observed on 27 September under the auspices of the United Nations World Tourism Organization, and a different member country hosts the official celebration each year. India was the host for 2019, and the theme that year was 'Tourism and jobs: a better future for all': a theme chosen to press the point that tourism is among the largest generators of employment, especially for women and young people, which is precisely why India wanted it. The neighbouring years are worth carrying alongside: Qatar in 2017 on sustainable tourism, Hungary in 2018 on digital transformation, the Mercosur bloc in 2020 on rural development, and Ivory Coast in 2021 on inclusive growth.",UnlockIAS_2026-10-09,"[""Current Affairs""]",,7c34b85193ef386b0f7782f564f61045641d6f7055ea284d10d3b8b481b7acd1
CDS_2020_I_GK,CDS_I_2020_GK_119,CDS,2020,I,General Knowledge,119,"BRICS Summit, 2020 will be hosted by",India,China,Russia,Brazil,C,TRUSTED_SECONDARY,https://www.unlockias.in/cds-2020-i-general-knowledge,https://www.unlockias.in/cds-2020-i-general-knowledge/q119-brics-summit-2020-hosted,C,"Correct: C, Russia. The chairship of BRICS rotates among the members, and 2020 was Russia's turn. The 12th BRICS Summit was chaired by Vladimir Putin and had been planned for Saint Petersburg on 21 to 23 July 2020; the pandemic forced it online, and it was finally held by video conference on 17 November 2020. Read the rotation on either side of it and the pattern is clear: Brazil hosted the 11th summit at Brasilia on 13 and 14 November 2019, and India chaired the 13th on 9 September 2021, also by video conference. The paper was set in February 2020, which is why it asks in the future tense about a summit that had not yet happened.",UnlockIAS_2026-10-09,"[""Current Affairs""]",,48070b02c96f2965b8cf6850c69bd7b9d6a29be0fc7404bdf4ec187c5c4dfe8d
CDS_2020_I_GK,CDS_I_2020_GK_120,CDS,2020,I,General Knowledge,120,The Government of India has recently constituted a civilian award in the name of Sardar Vallabhbhai Patel in the field of contribution to,unity and integrity of India,art and culture,social work,entrepreneurship,A,TRUSTED_SECONDARY,https://www.unlockias.in/cds-2020-i-general-knowledge,https://www.unlockias.in/cds-2020-i-general-knowledge/q120-government-india-recently-constituted-civilian-award-name,A,"Correct: A, unity and integrity of India. The award instituted in 2019 in Sardar Vallabhbhai Patel's name is the Sardar Patel National Unity Award, and it is the highest civilian honour in the field of contribution to the unity and integrity of India. It is announced on 31 October, Patel's birth anniversary, which is observed as Rashtriya Ekta Diwas or National Unity Day: the same date on which the Run for Unity is held. The choice of field is the point of the naming: Patel is remembered above all for bringing the princely States into the Union, so an award in his name for national unity is the obvious fit, and the other three fields already have their own honours.",UnlockIAS_2026-10-09,"[""Science & Technology""]",,f658a2e3faecfe071278c020d82f5409efb888127a238a03a6acf6f3c6735f36
