batch_code,question_id,exam,year,cycle,paper,q_num,question,opt_a,opt_b,opt_c,opt_d,source_key_opt,key_authority,key_source_url,source_url,source_answer_raw,source_explanation_raw,source_version,source_topic_hints,source_difficulty,content_hash
CDS_2020_II_GK,CDS_II_2020_GK_001,CDS,2020,II,General Knowledge,1,"As per the Budget Estimates of 2019–20, the following are some of the important sources of tax receipts for the Union Government: 1. Corporation Tax 2. Taxes on Income other than Corporation Tax 3. Goods and Services Tax 4. Union Excise Duties Which one of the following is the correct descending order of the foresaid tax receipts as a percentage of GDP?","1, 2, 3, 4","1, 3, 2, 4","3, 2, 1, 4","2, 4, 3, 1",B,TRUSTED_SECONDARY,https://www.unlockias.in/cds-2020-ii-general-knowledge,https://www.unlockias.in/cds-2020-ii-general-knowledge/q1-per-budget-estimates-2019-some-important-sources,B,"Correct: B, 1, 3, 2, 4. Corporation tax first, Goods and Services Tax second, personal income tax third, Union excise duties last. The Budget Estimates presented in July 2019 put corporation tax at Rs 7,66,000 crore, GST at Rs 6,63,343 crore, taxes on income other than corporation tax at Rs 5,69,000 crore and Union excise duties at Rs 3,00,000 crore. The phrase 'as a percentage of GDP' does not change that order. All four are divided by the same nominal GDP for the same year, so the rupee ranking is the percentage ranking: roughly 3.6, 3.1, 2.7 and 1.4 per cent. You do not need the GDP figure at all, only which head raises the most money.",UnlockIAS_2026-10-09,"[""Indian Economy""]",,1678621f75abff255cc3c20f07d299e03d8aeb9a96c27adb521e5a3c02037605
CDS_2020_II_GK,CDS_II_2020_GK_002,CDS,2020,II,General Knowledge,2,"As per the World Bank's Ease of Doing Business Ranking, India's rank has improved from 142 in 2014 to 63 in 2019. During this period, in which of the following parameters has India's rank deteriorated?",Ease of starting a business,Getting electricity,Registering property,Paying taxes,C,TRUSTED_SECONDARY,https://www.unlockias.in/cds-2020-ii-general-knowledge,https://www.unlockias.in/cds-2020-ii-general-knowledge/q2-per-world-bank-ease-doing-business-ranking,C,"Correct: C, Registering property. Of the four parameters listed, this is the only one on which India actually slipped. The stem compares Doing Business 2015, released in October 2014, where India stood 142nd of 189 economies, with Doing Business 2020, released in October 2019, where it stood 63rd of 190. On registering property India fell from 121st to 154th, worse by 33 places, with a score of only 47.6 out of 100 in the later edition, held down by nine procedures taking 58 days. The other three parameters moved the right way over the same span. Most of India's headline climb came from a handful of parameters, such as getting electricity and dealing with construction permits, not from an even improvement across the board.",UnlockIAS_2026-10-09,"[""Defence & Security""]",,10fea0d697a988bc0d613df665cb4b1be0288d97669edfb5ddaeee186e246ff3
CDS_2020_II_GK,CDS_II_2020_GK_003,CDS,2020,II,General Knowledge,3,Which one of the following statements with regard to the National Food Security Act is not correct?,The Act was enacted in the year 2013.,The Act was rolled out in the year 2014.,The Act legally entitles 67 percent of the population to receive highly subsidised food grains.,The Act is not being implemented in all the States/Union Territories.,D,TRUSTED_SECONDARY,https://www.unlockias.in/cds-2020-ii-general-knowledge,https://www.unlockias.in/cds-2020-ii-general-knowledge/q3-one-statements-regard-national-food-security-act,D,"Correct: D, the claim that the Act is not being implemented in all the States and Union Territories. That is the statement which fails. The Department of Food and Public Distribution's own National Food Security Act portal states plainly that the Act is being implemented in all the States and Union Territories , with about 80 crore persons covered against a maximum coverage of 81.34 crore. Roll-out was staggered, State by State, but it was complete well before this paper was set. The other three statements stand.",UnlockIAS_2026-10-09,"[""Indian Economy""]",,37a98ba8fa166f32955589ac7654259ac1daf064b57a62b74f1327c8b9bfea5d
CDS_2020_II_GK,CDS_II_2020_GK_004,CDS,2020,II,General Knowledge,4,Which one of the following statements about Indian economy during 2019–20 is not correct?,There has been deceleration in growth rate.,There has been sluggish growth in tax revenue relative to the Budget Estimates.,Fiscal deficit as percentage of GDP has been as per the Budget Estimates.,The non-tax revenue registered a considerably higher growth.,C,TRUSTED_SECONDARY,https://www.unlockias.in/cds-2020-ii-general-knowledge,https://www.unlockias.in/cds-2020-ii-general-knowledge/q4-one-statements-about-indian-economy-during-2019,C,"Correct: C, the claim that the fiscal deficit as a percentage of GDP has been as per the Budget Estimates. It was not. The July 2019 Budget targeted a fiscal deficit of 3.3 per cent of GDP for 2019-20; the revised estimates a year later put it at 3.8 per cent, and the following Budget recorded the target as breached. The other three statements describe what actually happened. Growth decelerated through the year. Tax revenue grew sluggishly against the Budget Estimates, and badly so, with corporation tax the biggest casualty after the September 2019 rate cut. Non-tax revenue moved the opposite way, jumping over 46 per cent on the previous year's actuals, driven largely by dividends and profits.",UnlockIAS_2026-10-09,"[""Indian Economy""]",,031a9c52b940357d650bebfacb91fe2a34a4b99a25a5098d2f6ff4d65c5efad7
CDS_2020_II_GK,CDS_II_2020_GK_005,CDS,2020,II,General Knowledge,5,"As per the Budget Estimates of expenditure on major subsidies during 2019–20, the maximum expenditure was likely to be on",urea subsidy,petroleum subsidy,food subsidy,fertilizer subsidy,C,TRUSTED_SECONDARY,https://www.unlockias.in/cds-2020-ii-general-knowledge,https://www.unlockias.in/cds-2020-ii-general-knowledge/q5-per-budget-estimates-expenditure-major-subsidies-during,C,"Correct: C, food subsidy. In the Budget Estimates for 2019-20 the food subsidy was Rs 1,84,220 crore, out of a total major-subsidy bill of Rs 3,38,949 crore. Fertiliser came next at Rs 79,996 crore, then petroleum at Rs 37,478 crore and other subsidies at Rs 37,255 crore. Food was larger than all the rest put together, and more than twice the fertiliser allocation. The reason is structural: the food subsidy pays for the gap between what the Food Corporation of India spends on procuring, storing and moving grain at the minimum support price and the Rs 3, Rs 2 and Re 1 a kilogram at which it is issued to about eighty crore people under the National Food Security Act.",UnlockIAS_2026-10-09,"[""Indian Economy""]",,4c09483f75bd3e90f086bbea044d5697ab9394fef0ba36924d744892e581897b
CDS_2020_II_GK,CDS_II_2020_GK_006,CDS,2020,II,General Knowledge,6,Which one of the following Indian places receives minimum rainfall in a year?,Jodhpur,Leh,New Delhi,Bengaluru,B,TRUSTED_SECONDARY,https://www.unlockias.in/cds-2020-ii-general-knowledge,https://www.unlockias.in/cds-2020-ii-general-knowledge/q6-one-indian-places-receives-minimum-rainfall-year,B,"Correct: B, Leh. Leh is a cold desert. It sits at about 3,500 m on the Indus in Ladakh, behind the Greater Himalaya and the Zanskar range, so the south-west monsoon is wrung dry long before it can reach the valley. India Meteorological Department normals for the Leh station give roughly 35 mm of precipitation a year on fewer than four wet days; even the compilations that add the water equivalent of snow put the total near 100 mm. Jodhpur, the option most candidates reach for because the Thar is the obvious desert, records about 406 mm a year on the same kind of normals: more than ten times Leh's figure: because it still lies in the path of a weakened monsoon current. New Delhi and Bengaluru are wetter again.",UnlockIAS_2026-10-09,"[""Geography""]",,868c4f61d226054e4c11977684c9a37715b19fced2bf57c0c12a37a119f09690
CDS_2020_II_GK,CDS_II_2020_GK_007,CDS,2020,II,General Knowledge,7,Timber vegetation is generally not found in which of the following regions?,Subtropical region,Temperate region,Alpine region,Tundra region,D,TRUSTED_SECONDARY,https://www.unlockias.in/cds-2020-ii-general-knowledge,https://www.unlockias.in/cds-2020-ii-general-knowledge/q7-timber-vegetation-generally-found-regions,D,"Correct: D, the tundra region. Tundra is defined by the absence of trees. It lies poleward of the tree line, where the growing season is only six to ten weeks, mean summer temperatures barely rise above 10 degrees Celsius, and a layer of permanently frozen subsoil stops roots from going deep and stops meltwater from draining. What grows there is mosses, lichens, sedges, cotton grass and dwarf shrubs such as prostrate willow and birch that hug the ground out of the wind. None of that yields timber. The other three regions all carry commercial timber: subtropical forests supply hardwoods, the temperate belt supplies both the deciduous hardwoods of the mid-latitudes and the great coniferous softwood belt, and the alpine zone of the Himalaya carries silver fir, juniper, pine and birch, which the NCERT text places between about 3,000 and 4,000 m.",UnlockIAS_2026-10-09,"[""Geography""]",,fb4ed715ff58728d68d7b92b51394d2d9e78a9059caa7054e5081e2c515c3505
CDS_2020_II_GK,CDS_II_2020_GK_008,CDS,2020,II,General Knowledge,8,Decadal growth rate of population in percentage was highest in India in the year,1991,1981,1971,1961,B,TRUSTED_SECONDARY,https://www.unlockias.in/cds-2020-ii-general-knowledge,https://www.unlockias.in/cds-2020-ii-general-knowledge/q8-decadal-growth-rate-population-percentage-highest-india,B,"Correct: B, 1981. The 1981 census records the growth of the decade 1971-81, which sits at the top of India's growth curve, in the period of population explosion , when death rates had already collapsed but birth rates had not yet begun to fall. The measured figure is 24.66 per cent: the population rose from 548.2 million to 683.3 million, an addition of 135.2 million people in ten years. The 1991 census recorded a lower 23.85 per cent, and the 1961 census 21.51 per cent. There is one caveat. On the Census of India figures printed in the NCERT table, the single highest decadal rate is 24.80 per cent, at the 1971 census for 1961-71, 0.14 percentage points above 1981. The Ministry of Statistics table of average annual exponential growth rates gives the same ordering: 2.22 for 1961-71 against 2.20 for 1971-81. The official key marks 1981, and that is the answer that scores; the two decades are effectively tied.",UnlockIAS_2026-10-09,"[""Geography""]",,bf8c03af67547b1dd09c693fb16a069bcbab46bfb882baa0966f0ffa05870c74
CDS_2020_II_GK,CDS_II_2020_GK_009,CDS,2020,II,General Knowledge,9,"The Isotherm Line, which divides India North-South in almost two equal parts in the month of January, is",10 °C,25 °C,15 °C,20 °C,D,TRUSTED_SECONDARY,https://www.unlockias.in/cds-2020-ii-general-knowledge,https://www.unlockias.in/cds-2020-ii-general-knowledge/q9-isotherm-line-divides-india-north-south-almost,D,"Correct: D, 20 degrees Celsius. In January the sun is over the southern hemisphere, so peninsular India stays warm while the northern plains cool sharply: Chennai near 25 degrees, Delhi near 14. The 20 degree isotherm runs roughly west to east across central India, close to the Tropic of Cancer, cutting the country into a warmer southern half and a cooler northern half of about equal size. The other three values would leave very unequal halves. The line is not a straight parallel. Along the coasts the sea keeps January temperatures up, and the isotherms bend to run parallel to the shoreline rather than east to west.",UnlockIAS_2026-10-09,"[""Geography""]",,b56497d8ba1b82aa58f730ebe0d936ec136996c9eaece3826ae5e814cf2bde52
CDS_2020_II_GK,CDS_II_2020_GK_010,CDS,2020,II,General Knowledge,10,Which one of the following indicates the Tropical Savannah climate?,Aw,Dfc,Cwg,Am,A,TRUSTED_SECONDARY,https://www.unlockias.in/cds-2020-ii-general-knowledge,https://www.unlockias.in/cds-2020-ii-general-knowledge/q10-one-indicates-tropical-savannah-climate,A,"Correct: A, Aw. In Köppen's scheme the first letter gives the broad group and the second the precipitation pattern. A is the tropical group, where every month averages above 18 degrees Celsius, and w means a dry winter. Aw is therefore the tropical wet and dry climate, the savanna type: a rainy high-sun season followed by a pronounced dry season in which the driest month gets less than 60 mm. That alternation is what produces tall coarse grassland with scattered fire-resistant trees such as acacia and baobab, and it is why the same climate carries the llanos of the Orinoco, the campos of Brazil and the savannas of northern Australia as well as the African belt the name comes from.",UnlockIAS_2026-10-09,"[""Geography""]",,9332844042a1d4029e15abc20263006dba8733254189bf8708bb9b3e8a8655a6
CDS_2020_II_GK,CDS_II_2020_GK_011,CDS,2020,II,General Knowledge,11,The largest geographical area of India is covered by which one of the following types of soils?,Inceptisols,Entisols,Alfisols,Vertisols,A,TRUSTED_SECONDARY,https://www.unlockias.in/cds-2020-ii-general-knowledge,https://www.unlockias.in/cds-2020-ii-general-knowledge/q11-largest-geographical-area-india-covered-one-types,A,"Correct: A, Inceptisols. In the American soil taxonomy used for India's national soil survey, Inceptisols are young soils: more developed than the raw Entisols, but only just, with a weak subsurface horizon and little weathering. That description fits an enormous part of India: the older alluvium of the Indo-Gangetic and Brahmaputra plains, the deltaic tracts, and much of the thin, immature soil on hill and plateau slopes, where erosion keeps stripping the profile before it can mature. The soil survey's usual figure is that Inceptisols cover roughly two-fifths of the country, with Entisols next at somewhat over a quarter, Alfisols third and Vertisols smaller again.",UnlockIAS_2026-10-09,"[""Geography""]",,683b9401b1ef3bcb7f091e8023293abd76fc33014baa2797cd234f5f0a9e794f
CDS_2020_II_GK,CDS_II_2020_GK_012,CDS,2020,II,General Knowledge,12,Which one of the following cities is closest to the Equator?,Mogadishu,Singapore,Colombo,Manila,B,TRUSTED_SECONDARY,https://www.unlockias.in/cds-2020-ii-general-knowledge,https://www.unlockias.in/cds-2020-ii-general-knowledge/q12-one-cities-closest-equator,B,"Correct: B, Singapore. The island city-state lies at roughly 1 degree 17 minutes North, about 140 km from the Equator: the closest of the four by a clear margin. Mogadishu, on the Somali coast, is the one that runs it close at about 2 degrees North; Colombo lies near 7 degrees North; and Manila, in the northern Philippines, is furthest at about 14 and a half degrees North. Singapore's position shows in its weather: a mean temperature close to 27 degrees Celsius in every month of the year, an annual range of barely a degree or two, high humidity, and rain in all months with convectional afternoon downpours: the signature of an equatorial climate rather than a monsoon one.",UnlockIAS_2026-10-09,"[""Geography""]",,786d5ee0940fadd1ee288119f4c334dd81400b66d432d612bb2b33ce67656d47
CDS_2020_II_GK,CDS_II_2020_GK_013,CDS,2020,II,General Knowledge,13,"Who among the following gave evidence before the Joint Select Committee on the Government of India Bill, 1919 in favour of female franchise? 1. Mrs. Annie Besant 2. Mrs. Sarojini Naidu 3. Mrs. Hirabai Tata Select the correct answer using the code given below.",1 only,1 and 2 only,2 and 3 only,"1, 2 and 3",D,TRUSTED_SECONDARY,https://www.unlockias.in/cds-2020-ii-general-knowledge,https://www.unlockias.in/cds-2020-ii-general-knowledge/q13-among-gave-evidence-before-joint-select-committee,D,"Correct: D, 1, 2 and 3. All three women appeared before the Joint Select Committee of the House of Lords and Commons in 1919 to argue for the enfranchisement of Indian women. The sequence explains why. In December 1917 Sarojini Naidu had led a deputation of fourteen women to Edwin Montagu asking that women be included in the new franchise; the Montagu-Chelmsford proposals of 1918 ignored them, and the Southborough Franchise Committee's report of April 1919 rejected the demand again. When Southborough sent that report to the Joint Select Committee in London, the Bombay Committee on Women's Suffrage sent Herabai Tata and her daughter Mithan to give evidence, and in August 1919 Annie Besant and Sarojini Naidu presented their own pleas to the same committee. The campaign did not win the vote outright, but the Government of India Act, 1919 left it open to each Provincial Council to enfranchise women, and between 1919 and 1929 every British province and most princely states did.",UnlockIAS_2026-10-09,"[""Modern History""]",,f954dcd8f6d168f82879dceae994faca29262cfd5fc3bb747f91072f6c9014c6
CDS_2020_II_GK,CDS_II_2020_GK_014,CDS,2020,II,General Knowledge,14,In which one of the following places was the Ahmadiyya Movement started by Mirza Ghulam Ahmad?,Patna,Aligarh,Bhopal,Gurdaspur,D,TRUSTED_SECONDARY,https://www.unlockias.in/cds-2020-ii-general-knowledge,https://www.unlockias.in/cds-2020-ii-general-knowledge/q14-one-places-ahmadiyya-movement-started-mirza-ghulam,D,"Correct: D, Gurdaspur. Mirza Ghulam Ahmad was born at Qadian in 1835 and founded his movement there. Qadian is a town in Gurdaspur district of Punjab, about eighteen kilometres north-east of Batala, and the movement's beginning is dated to 23 March 1889, when Ahmad took a pledge of allegiance from forty followers at Ludhiana on the ten conditions he had published that January. Qadian remained the headquarters of the Ahmadiyya community until the Partition of India in 1947, after which the headquarters moved to Rabwah in Pakistan; the town retains the community's founding institutions and Ahmad's grave. The town itself is much older than the movement, founded in 1530 by Ahmad's ancestor Mirza Hadi Beg, who had migrated from Samarkand.",UnlockIAS_2026-10-09,"[""Modern History""]",,e6885a189b441727769079b179fe9ca36a70d12965ff0d698d12a92566160a46
CDS_2020_II_GK,CDS_II_2020_GK_015,CDS,2020,II,General Knowledge,15,With whom did Subhas Chandra Bose form an alliance to destroy the Holwell Monument in Calcutta during 1939-40?,The Communist Party of India,The Muslim League,The Hindu Mahasabha,The Unionist Party,B,TRUSTED_SECONDARY,https://www.unlockias.in/cds-2020-ii-general-knowledge,https://www.unlockias.in/cds-2020-ii-general-knowledge/q15-subhas-chandra-bose-form-alliance-destroy-holwell,B,"Correct: B, the Muslim League. The Holwell Monument was an obelisk Lord Curzon had put up in 1901 at the corner of Dalhousie Square in Calcutta, on what was said to be the site of the Black Hole of 1756, replacing an earlier tablet erected by John Zephaniah Holwell himself. By 1939 it had become a nationalist grievance, and Subhas Chandra Bose (freshly out of the Congress presidency and at odds with Gandhi over the war) chose it as the issue for a mass campaign in Calcutta. What made the agitation formidable was that the Congress and the Muslim League joined forces on it, which in Bengal meant working with Fazlul Huq's ministry. Bose was jailed and released after a seven-day hunger strike. The monument was removed from Dalhousie Square in July 1940 and re-erected in the graveyard of St John's Church, where it still stands.",UnlockIAS_2026-10-09,"[""Modern History""]",,06966a5b60be0494ea174377ca264e1d3bd37a3b091c97498b50c1df1417f863
CDS_2020_II_GK,CDS_II_2020_GK_016,CDS,2020,II,General Knowledge,16,Who among the following created the first All India Trade Union Congress in 1920?,B. P. Wadia,S. A. Dange,N. M. Joshi,B. T. Ranadive,C,TRUSTED_SECONDARY,https://www.unlockias.in/cds-2020-ii-general-knowledge,https://www.unlockias.in/cds-2020-ii-general-knowledge/q16-among-created-first-all-india-trade-union,C,"Correct: C, N. M. Joshi. Narayan Malhar Joshi, a member of the Servants of India Society, is the organiser among these four names behind the founding of the All India Trade Union Congress. Preparations began on 16 July 1920, when a convention in Bombay resolved to hold an all-India trade union congress, and the founding conference opened on 31 October 1920 at the Empire Theatre in Bombay with 101 delegates from 64 unions representing 1,40,854 members. Joshi was among the founders and went on to be the trade union movement's steadiest institutional presence, sitting in the Central Legislative Assembly as a labour representative and pressing for factory legislation. Two names worth attaching to the same conference are not in the option list at all: Lala Lajpat Rai was the founding president, and Dewan Chaman Lall the first general secretary.",UnlockIAS_2026-10-09,"[""Indian Economy""]",,bb48893fa6bed5de37846fee5426df40344a7743e1aa4ccb75f5e875b7ccec8b
CDS_2020_II_GK,CDS_II_2020_GK_017,CDS,2020,II,General Knowledge,17,Which one among the following was India’s first trade union in the proper sense of the term?,Bombay Labour Union,Ahmedabad Labour Union,Madras Labour Union,Allahabad Labour Union,C,TRUSTED_SECONDARY,https://www.unlockias.in/cds-2020-ii-general-knowledge,https://www.unlockias.in/cds-2020-ii-general-knowledge/q17-one-among-india-first-trade-union-proper,C,"Correct: C, Madras Labour Union. It was founded on 13 April 1918 by B. P. Wadia together with V. Kalyanasundaram Mudaliar, among the textile workers of the Buckingham and Carnatic Mills, and it is treated as India's first trade union in the proper sense because it was a permanent organisation with office bearers, a subscription and a continuing life, rather than a strike committee that dissolved when the dispute ended. That is the distinction the phrase in the stem is pointing at. Earlier bodies such as N. M. Lokhande's Bombay Mill Hands Association of 1890 were welfare and petition associations without membership dues or a formal constitution. The other three names in the option list are not historical organisations at all.",UnlockIAS_2026-10-09,"[""Indian Economy""]",,6c88980070af1154f30fbded4606b0f1d667e6cb403e7a5394eccc0c45e6b76d
CDS_2020_II_GK,CDS_II_2020_GK_018,CDS,2020,II,General Knowledge,18,Who among the following formed the Seva Samiti Boy Scouts Association in 1914?,Hriday Nath Kunzru,S. G. Vaze,Annie Besant,Shri Ram Bajpai,D,TRUSTED_SECONDARY,https://www.unlockias.in/cds-2020-ii-general-knowledge,https://www.unlockias.in/cds-2020-ii-general-knowledge/q18-among-formed-seva-samiti-boy-scouts-association,D,"Correct: D, Shri Ram Bajpai. The scouting bodies of the 1910s grew out of the fact that the Boy Scout movement in India was at first closed to Indian boys, and separate Indian associations were formed in response. The Seva Samiti Boy Scouts Association took its name from the Seva Samiti, the social service society based at Allahabad, and the histories of Indian scouting credit its organisation to Pandit Shri Ram Bajpai. It kept a separate existence even after Baden-Powell's visit of 1921, when almost every other Indian scouting body merged into the Boy Scouts Association in India, because its purpose was the complete Indianisation of the movement; it merged only in 1938, into the Hindustan Scout Association. One honest limitation: we could confirm the Seva Samiti body, its Allahabad base and its separate course from published accounts, but not the 1914 date and the attribution to Bajpai from a primary record: the standard reference work on Indian scouting dates the Seva Samiti Scout Association to 1917 and connects it with Madan Mohan Malaviya and Hriday Nath Kunzru. The key marks Bajpai, and the answer given here follows the key while recording that the sources do not agree.",UnlockIAS_2026-10-09,"[""Science & Technology""]",,f6e11f61c113bd0725c8d68497c3fd8cf58534b0a8a32d3ff2803dec24943cb2
CDS_2020_II_GK,CDS_II_2020_GK_019,CDS,2020,II,General Knowledge,19,Which one among the following is not correct about the Secretary General of the Lok Sabha?,The Secretary General is the advisor to the Speaker.,The Secretary General acts under the authority in the name of the Speaker.,The Secretary General works under the Speaker with delegated authority.,The Secretary General passes orders in the name of the Speaker.,C,TRUSTED_SECONDARY,https://www.unlockias.in/cds-2020-ii-general-knowledge,https://www.unlockias.in/cds-2020-ii-general-knowledge/q19-one-among-correct-about-secretary-general-lok,C,"Correct: C, the statement that the Secretary General works under the Speaker with delegated authority. That is precisely the formula the office does not fit. The Secretary General of the Lok Sabha is appointed by the Speaker, holds a rank and pay equivalent to the Cabinet Secretary, and is answerable to the Speaker alone: his actions cannot be discussed or criticised inside the House or outside it. He advises the Speaker, acts under authority in the name of the Speaker, and issues orders in the Speaker's name. The difference is not a quibble. An officer exercising delegated authority acts in his own name on powers handed down to him, and what he does can be questioned as his own act; an officer acting in the Speaker's name performs the Speaker's function, and since the Speaker's conduct is protected from debate in the House, so is the act.",UnlockIAS_2026-10-09,"[""Indian Polity""]",,93fd851c4ac07237b09e8f1412ccd1b311e95b6f2b4fb1e47cf8e020bec2a0f4
CDS_2020_II_GK,CDS_II_2020_GK_020,CDS,2020,II,General Knowledge,20,Who among the following moved the motion of Secret Sitting Session of the Assembly (1942)?,M. S. Aney,G. V. Mavalankar,C. M. Stephen,A. Ayyangar,A,TRUSTED_SECONDARY,https://www.unlockias.in/cds-2020-ii-general-knowledge,https://www.unlockias.in/cds-2020-ii-general-knowledge/q20-among-moved-motion-secret-sitting-session-assembly,A,"Correct: A, M. S. Aney. Madhav Shrihari Aney, known as Loknayak Bapuji Aney, is the only one of the four who was in a position to move such a motion in 1942. He had been in the Central Legislative Assembly since 1923 as the representative of the Berar division, had been president of the Indian National Congress in 1933, and from 1941 to 1943 sat on the Viceroy's Executive Council in charge of Indians Overseas and Commonwealth Relations, resigning in 1943 when the Government refused to release Gandhi during his fast. The Assembly did hold a secret session on 27 February 1942 to discuss the war situation, at a moment when Singapore had just fallen and the Japanese advance was reaching Burma. One honest limitation: we could confirm that the secret session took place and could confirm Aney's position in that year, but we could not open the Legislative Assembly Debates to verify who moved the motion. The key marks Aney, and the answer given here follows the key.",UnlockIAS_2026-10-09,"[""Science & Technology""]",,cfca73555bfe9bf66b9a41e60f799c1cfc401115493a43e62bdad5967045d82a
CDS_2020_II_GK,CDS_II_2020_GK_021,CDS,2020,II,General Knowledge,21,Which one among the following statements pertaining to the President's term of office is not correct?,The President holds office for a term of five years.,The President may be removed from the office by way of impeachment.,The President may resign before the expiration of his/her term by writing to the Speaker of the Lok Sabha.,"The President shall, notwithstanding the expiration of his/her term, continue to hold office until his/her successor enters upon his/her office.",C,TRUSTED_SECONDARY,https://www.unlockias.in/cds-2020-ii-general-knowledge,https://www.unlockias.in/cds-2020-ii-general-knowledge/q21-one-among-statements-pertaining-president-term-office,C,"Correct: C, the statement that the President may resign by writing to the Speaker of the Lok Sabha. The Constitution says otherwise. Under the proviso to Article 56(1), the President may resign by writing under his hand addressed to the Vice-President, and Article 56(2) then requires the Vice-President to communicate that resignation forthwith to the Speaker of the House of the People. So the Speaker is informed, but he is not the person the resignation is addressed to. The other three statements reproduce the rest of Article 56 exactly: a term of five years from the date the President enters upon office; removal by impeachment for violation of the Constitution, in the manner provided in Article 61; and continuance in office notwithstanding the expiry of the term until the successor enters upon office, which is the provision that guarantees the country is never without a President.",UnlockIAS_2026-10-09,"[""Indian Polity""]",,b23ce58e101b068549e261c6976a6a832eaec0dee268938f1a10265e10a845d4
CDS_2020_II_GK,CDS_II_2020_GK_022,CDS,2020,II,General Knowledge,22,Which of the following Articles in the Constitution of India are exceptions to the Fundamental Rights enumerated in Article 14 and Article 19?,Article 31A and Article 31C,Article 31B and Article 31D,Article 12 and Article 13,Article 16 and Article 17,A,TRUSTED_SECONDARY,https://www.unlockias.in/cds-2020-ii-general-knowledge,https://www.unlockias.in/cds-2020-ii-general-knowledge/q22-articles-constitution-india-exceptions-fundamental-rights-enumerated,A,"Correct: A, Article 31A and Article 31C. Both articles are drafted in the same shape: a law of a described kind shall not be deemed void on the ground that it is inconsistent with, or takes away or abridges, the rights conferred by Article 14 or Article 19 . Article 31A, inserted by the First Amendment in 1951, saves laws for the acquisition of estates, the taking over of management of property, the amalgamation of corporations and the modification of mining leases: the land reform article. Article 31C, inserted by the Twenty-fifth Amendment with effect from 1972, saves laws giving effect to the directive principles in clauses (b) and (c) of Article 39. The words 'article 14 or article 19' were substituted into 31A by the Forty-fourth Amendment, when Article 31 and the fundamental right to property were taken away.",UnlockIAS_2026-10-09,"[""Indian Polity""]",,8c0c5f36dff55b4a5fbbc1e29b0dc2b8b76d3aff96f86066e02cc315de9869e2
CDS_2020_II_GK,CDS_II_2020_GK_023,CDS,2020,II,General Knowledge,23,Which one of the following is not the necessary condition for the issue of a writ of Quo Warranto?,The office must be a public office.,The office must be created by the Statute or by the Constitution itself.,The office must not be a substantive one.,There has been a contravention of the Constitution or a Statute in appropriating such person to that office.,C,TRUSTED_SECONDARY,https://www.unlockias.in/cds-2020-ii-general-knowledge,https://www.unlockias.in/cds-2020-ii-general-knowledge/q23-one-necessary-condition-issue-writ-quo-warranto,C,"Correct: C, the statement that the office must not be a substantive one. It is the exact inversion of a requirement. The conditions for issuing a writ of quo warranto, as Indian courts state them following the English information in the nature of quo warranto, are four: the office must be held under the State or created by a statute or by the Constitution itself; it must be an office of a substantive character; its duties must be of a public nature; and it must have been usurped by the person holding it. A substantive office is a permanent, independent office existing in its own right, not a temporary agency or a post held at another's pleasure, and the writ lies only for such an office, which is why saying it must not be substantive turns the requirement upside down. Even where all four conditions are satisfied, the court retains a discretion to refuse the writ after weighing the consequences and the public interest.",UnlockIAS_2026-10-09,"[""Indian Polity""]",,5b77f02534904adf7a54c961d0efea0728128c6f97fcf016a36a453ead7b8232
CDS_2020_II_GK,CDS_II_2020_GK_024,CDS,2020,II,General Knowledge,24,Which one of the following Commissions is related to Article 338A?,The National Commission for Scheduled Castes,The National Commission for Scheduled Tribes,The National Commission for Backward Classes,The National Commission for Women,B,TRUSTED_SECONDARY,https://www.unlockias.in/cds-2020-ii-general-knowledge,https://www.unlockias.in/cds-2020-ii-general-knowledge/q24-one-commissions-related-article-338a,B,"Correct: B, the National Commission for Scheduled Tribes. Article 338A was inserted by the Constitution (Eighty-ninth Amendment) Act, 2003, with effect from 19 February 2004, and its first clause reads that there shall be a Commission for the Scheduled Tribes to be known as the National Commission for the Scheduled Tribes. The same amendment cut the words 'and Scheduled Tribes' out of Article 338, so that the older article now provides only for the National Commission for Scheduled Castes. Before 2004 the two communities shared a single constitutional commission; the Eighty-ninth Amendment split it into two, each with its own article, and both are constitutional bodies whose members are appointed by the President and whose reports are laid before Parliament.",UnlockIAS_2026-10-09,"[""Indian Polity""]",,cdb23c556a2531f395a948fae28920daa6ae16d187b84b924ccbe8439ef7d9ea
CDS_2020_II_GK,CDS_II_2020_GK_025,CDS,2020,II,General Knowledge,25,August 12 is celebrated as,the World Environment Day,the World No-Tobacco Day,the International Day against Drug Abuse and Illicit Trafficking,the International Youth Day,D,TRUSTED_SECONDARY,https://www.unlockias.in/cds-2020-ii-general-knowledge,https://www.unlockias.in/cds-2020-ii-general-knowledge/q25-august-celebrated,D,"Correct: D, the International Youth Day. The United Nations General Assembly fixed 12 August as International Youth Day by resolution A/RES/54/120 of 1999, acting on a recommendation of the World Conference of Ministers Responsible for Youth held at Lisbon in 1998; the first observance was in 2000. Each of the other three is a real observance on a different date, and the three dates are worth carrying together: World No-Tobacco Day is 31 May, a World Health Organization observance created by resolution 42.19; World Environment Day is 5 June, established by General Assembly resolution 2994 (XXVII) of 1972 alongside the Stockholm Conference; and the International Day against Drug Abuse and Illicit Trafficking is 26 June, under resolution 42/112 of 1987.",UnlockIAS_2026-10-09,"[""International Relations""]",,8cd1a3c563cff40b87187f82a7e7684fdf062e6ddd0c6ff47078be5792171954
CDS_2020_II_GK,CDS_II_2020_GK_026,CDS,2020,II,General Knowledge,26,Which one of the following countries had chosen the name 'Nisarga' for the cyclone which devastated the coastline of Maharashtra and Gujarat in June 2020?,Maldives,Bangladesh,Thailand,Japan,B,TRUSTED_SECONDARY,https://www.unlockias.in/cds-2020-ii-general-knowledge,https://www.unlockias.in/cds-2020-ii-general-knowledge/q26-one-countries-chosen-name-nisarga-cyclone-devastated,B,"Correct: B, Bangladesh. Cyclones in the north Indian Ocean are named by the India Meteorological Department, which acts as the regional specialised meteorological centre for the basin, drawing from a list of names contributed in advance by the member countries of the regional panel. Nisarga was the name Bangladesh had contributed. The system formed as a low-pressure area over the eastern Arabian Sea on 31 May 2020, was named around noon on 2 June when it reached cyclonic storm strength, intensified into a severe cyclonic storm and made landfall near Alibag in Maharashtra at about half past twelve on 3 June with winds of 110 km per hour. It was the strongest June storm to hit Maharashtra since 1891 and the first to affect Raigad and Mumbai since Phyan in 2009.",UnlockIAS_2026-10-09,"[""Geography""]",,f84b90c17441d8924d7655e1fbc9d1a7cfd0a1fcd35dc2296be112a0582a1c4e
CDS_2020_II_GK,CDS_II_2020_GK_027,CDS,2020,II,General Knowledge,27,Who among the following played the role of Shakuntala Devi in the biopic movie based on the life of the famous mathematician?,Madhuri Dixit,Rani Mukherjee,Tabu,Vidya Balan,D,TRUSTED_SECONDARY,https://www.unlockias.in/cds-2020-ii-general-knowledge,https://www.unlockias.in/cds-2020-ii-general-knowledge/q27-among-played-role-shakuntala-devi-biopic-movie,D,"Correct: D, Vidya Balan. The biopic is Shakuntala Devi, a Hindi-language film written and directed by Anu Menon, with Vidya Balan in the title role. It was produced by Sony Pictures Networks India with Abundantia Entertainment and Genius Films, shot between September and November 2019, and planned for a cinema release in May 2020; when the pandemic closed theatres it went straight to streaming on 31 July 2020. Sanya Malhotra plays Shakuntala Devi's daughter Anupama, Jisshu Sengupta her husband Paritosh Banerjee, and the story is built around their strained relationship rather than around the arithmetic alone. Vidya Balan was nominated for the Filmfare Award for Best Actress for the role.",UnlockIAS_2026-10-09,"[""Science & Technology""]",,ee5e9885da1fb5cbb3a3f718b667a008d54215bef3876b0776ebbd9ed31bb810
CDS_2020_II_GK,CDS_II_2020_GK_028,CDS,2020,II,General Knowledge,28,"G. C. Murmu, who was appointed as the Comptroller and Auditor General of India in August 2020, was the Lieutenant Governor/Administrator of which one of the following Union Territories prior to this appointment?",Ladakh,Jammu and Kashmir,Chandigarh,Puducherry,B,TRUSTED_SECONDARY,https://www.unlockias.in/cds-2020-ii-general-knowledge,https://www.unlockias.in/cds-2020-ii-general-knowledge/q28-murmu-appointed-comptroller-auditor-general-india-august,B,"Correct: B, Jammu and Kashmir. Girish Chandra Murmu took charge on 31 October 2019 as the first Lieutenant Governor of the newly created Union Territory of Jammu and Kashmir, succeeding the last Governor of the former State, Satya Pal Malik, after the Jammu and Kashmir Reorganisation Act, 2019 came into force. He resigned from that post on 5 August 2020 and was appointed Comptroller and Auditor General of India on 8 August 2020, taking office as the fourteenth holder of that post. A 1985-batch officer of the Gujarat cadre, he had earlier been principal secretary to the Chief Minister of Gujarat and an expenditure secretary at the Centre. He served as Comptroller and Auditor General until November 2024, and during that tenure was also external auditor of the World Health Organization and chairman of the United Nations Panel of External Auditors.",UnlockIAS_2026-10-09,"[""Indian Polity""]",,437b3993d3c482c4f64cad7111840e214e21aa1dfb0913e5f1400c9bd340764b
CDS_2020_II_GK,CDS_II_2020_GK_029,CDS,2020,II,General Knowledge,29,Which one of the following States is planned to host the Khelo India Youth Games (4th Edition)?,Kerala,Haryana,Gujarat,Manipur,B,TRUSTED_SECONDARY,https://www.unlockias.in/cds-2020-ii-general-knowledge,https://www.unlockias.in/cds-2020-ii-general-knowledge/q29-one-states-planned-host-khelo-india-youth,B,"Correct: B, Haryana. The announcement came on 25 July 2020, a few months before this paper was set: Haryana would host the fourth edition of the Khelo India Youth Games , then scheduled for 2021, with Panchkula as the main venue. The pandemic pushed the event back twice, and it was finally held at Panchkula in June 2022. The stem's careful wording, 'is planned to host', reflects exactly that: at the time of the examination the host had been named but the games had not yet been staged. The earlier editions went to Delhi in 2018, when the event was still the Khelo India School Games, and to the Shree Shiv Chhatrapati Sports Complex at Balewadi in Pune in 2019, the year the Indian Olympic Association came on board and the name changed to Khelo India Youth Games.",UnlockIAS_2026-10-09,"[""Current Affairs""]",,0be4956b0e35135de9e39ae07dd7b3c18560a72eb46bc7f9cd1e9cd437e2f455
CDS_2020_II_GK,CDS_II_2020_GK_030,CDS,2020,II,General Knowledge,30,Which one among the following is not a coral reef island?,"Great Barrier Reef, Australia","Rainbow Reef, Fiji","Swaraj Island, India","Kyushu Island, Japan",D,TRUSTED_SECONDARY,https://www.unlockias.in/cds-2020-ii-general-knowledge,https://www.unlockias.in/cds-2020-ii-general-knowledge/q30-one-among-coral-reef-island,D,"Correct: D, Kyushu Island, Japan. Kyushu is the third largest and most southerly of Japan's four main islands: 36,782 square kilometres of continental crust carrying a population of over twelve million, shaped by tectonics and volcanism rather than by coral. It also lies too far north for reef building. Reef corals need water that stays warm through the year, broadly above eighteen degrees Celsius, which confines true reefs to roughly thirty degrees north and south of the Equator; Kyushu straddles thirty-one to thirty-four degrees north. The other three all belong to the coral world: the largest reef system on Earth, a celebrated Fijian reef, and an Andaman island ringed by fringing reefs.",UnlockIAS_2026-10-09,"[""Geography""]",,fc5bdf249995a31eb7b6760eca4e9f69ba0d708c208f94e144261115ba7845a7
CDS_2020_II_GK,CDS_II_2020_GK_031,CDS,2020,II,General Knowledge,31,"Since 2014-15, India has consistently run trade surplus with which one among the following countries?",China,Saudi Arabia,USA,Germany,C,TRUSTED_SECONDARY,https://www.unlockias.in/cds-2020-ii-general-knowledge,https://www.unlockias.in/cds-2020-ii-general-knowledge/q31-since-2014-india-consistently-run-trade-surplus,C,"Correct: C, USA. The United States is the one large partner India sells more to than it buys from, and it has been so without a break through the period the question names. The US Census Bureau's country series records an American goods deficit with India in every single year from 2014 onward: the mirror image of an Indian surplus. In 2019, the last full year before this paper was written, American exports to India were about $34.2 billion against imports from India of about $57.9 billion, leaving India roughly $23.7 billion ahead. The pattern is structural rather than lucky: India sells the US software-linked services, pharmaceuticals, gems and jewellery, textiles and engineering goods, while what it buys back (aircraft, machinery, defence equipment, some crude and coal) has stayed smaller in value.",UnlockIAS_2026-10-09,"[""Indian Economy""]",,15944b0e616c2f254adb1970d45ae5717b8e13d763c4a9cc7677763f588b8968
CDS_2020_II_GK,CDS_II_2020_GK_032,CDS,2020,II,General Knowledge,32,"Arrange the following countries in descending order as per the Global Human Development Index, 2019: 1. Germany 2. USA 3. South Africa 4. India Select the correct answer using the code given below.","1, 2, 3, 4","1, 3, 2, 4","3, 2, 1, 4","4, 3, 2, 1",A,TRUSTED_SECONDARY,https://www.unlockias.in/cds-2020-ii-general-knowledge,https://www.unlockias.in/cds-2020-ii-general-knowledge/q32-arrange-countries-descending-order-per-global-human,A,"Correct: A, 1, 2, 3, 4. The order asked for is Germany, then the USA, then South Africa, then India, and the four sit in three different development bands, which is what makes the ranking recoverable without memorising numbers. In the 2019 Human Development Report (the edition the question names) Germany appeared among the top five countries in the world with an HDI of 0.939, alongside Norway, Switzerland, Ireland and Hong Kong. The United States is also in the very high human development band but well down that band, not near its top. South Africa sits in the high band. India ranked 129th of 189 countries and territories, in the medium band. Descending order therefore runs 1, 2, 3, 4 exactly as listed.",UnlockIAS_2026-10-09,"[""Indian Economy""]",,c4af437ee191a5c526662b0de0dca22cfd5db72c3bceafab443028027acb96d5
CDS_2020_II_GK,CDS_II_2020_GK_033,CDS,2020,II,General Knowledge,33,"As per the use-based classification of the Index of Industrial Production (IIP), the maximum weight has been assigned to",primary goods,intermediate goods,consumer durables,consumer non-durables,A,TRUSTED_SECONDARY,https://www.unlockias.in/cds-2020-ii-general-knowledge,https://www.unlockias.in/cds-2020-ii-general-knowledge/q33-per-based-classification-index-industrial-production-iip,A,"Correct: A, primary goods. In the current Index of Industrial Production series, with base year 2011-12, the use-based classification splits industrial output into six baskets: primary goods, capital goods, intermediate goods, infrastructure and construction goods, consumer durables and consumer non-durables. Primary goods carry the heaviest weight of the six, 34.05 per cent. Roughly a third of the whole index rests on one basket, which is why monthly IIP prints swing sharply with coal, crude, natural gas and electricity output. None of the other three options comes anywhere near a third.",UnlockIAS_2026-10-09,"[""Indian Economy""]",,a72f40a2d3f86334f1f56045a7de5bb98e71b5dd12474a908af9d1936c10a085
CDS_2020_II_GK,CDS_II_2020_GK_034,CDS,2020,II,General Knowledge,34,"Normally, there will not be a shift in the demand curve when",price of a commodity falls,consumers want to buy more at any given price,average income rises,population grows,A,TRUSTED_SECONDARY,https://www.unlockias.in/cds-2020-ii-general-knowledge,https://www.unlockias.in/cds-2020-ii-general-knowledge/q34-normally-there-shift-demand-curve,A,"Correct: A, price of a commodity falls. A change in the good's own price moves the buyer along the existing demand curve; it does not shift the curve. The curve is drawn with quantity demanded on one axis and that same price on the other, so every point on it already answers the question 'how much would be bought at this price?'. Cut the price and you simply read off a point lower and to the right of where you were. A shift happens only when something outside the price-quantity pair changes and the whole schedule has to be redrawn: income, tastes, the number of buyers, the price of a substitute or complement, or expectations about future prices. That is why the other three options all shift the curve and this one does not.",UnlockIAS_2026-10-09,"[""Indian Economy""]",,9ddc19de0c32f84b0b2023d9b5063ac0a798d2fa2cf2d78de92a42c219a0c5d6
CDS_2020_II_GK,CDS_II_2020_GK_035,CDS,2020,II,General Knowledge,35,"A market, in which there are a large number of firms, homogeneous product, infinite elasticity of demand for an individual firm and no control over price by firms, is termed as",oligopoly,imperfect competition,monopolistic competition,perfect competition,D,TRUSTED_SECONDARY,https://www.unlockias.in/cds-2020-ii-general-knowledge,https://www.unlockias.in/cds-2020-ii-general-knowledge/q35-market-there-large-number-firms-homogeneous-product,D,"Correct: D, perfect competition. Read the four conditions in the stem and they are the textbook definition, one by one. A large number of firms and a homogeneous product mean no buyer has any reason to prefer one seller, so no seller can charge above the going price. Infinite elasticity of demand for the individual firm is the same point drawn as a graph: each firm faces a horizontal demand curve at the market price, so average revenue equals marginal revenue equals price. And no control over price by firms is the conclusion: the firm is a price taker, and the price is set by market demand and supply. Free entry and exit and perfect information usually complete the list; the stem simply gives four of the standard conditions.",UnlockIAS_2026-10-09,"[""Indian Economy""]",,62f73d2584520c53bd486cd8a2fbd99ef605b0df89a6120bfb8d0578ee6c1eb0
CDS_2020_II_GK,CDS_II_2020_GK_036,CDS,2020,II,General Knowledge,36,Which one of the following statements with regard to ozone is not correct?,Ozone is found mostly at 15-55 km in the atmosphere.,Ozone is produced by gaseous chemical reactions.,16th November is celebrated as the International Day for the Preservation of the Ozone Layer.,Ozone is a form of oxygen in which three oxygen atoms are bounded together.,C,TRUSTED_SECONDARY,https://www.unlockias.in/cds-2020-ii-general-knowledge,https://www.unlockias.in/cds-2020-ii-general-knowledge/q36-one-statements-regard-ozone-correct,C,"Correct: C, 16th November is celebrated as the International Day for the Preservation of the Ozone Layer. That is the false statement, and the date is the giveaway: the day is 16 September , not 16 November. The United Nations General Assembly fixed it by resolution 49/114 in 1994, choosing the anniversary of the signing of the Montreal Protocol on Substances that Deplete the Ozone Layer at Montreal on 16 September 1987. Nothing about ozone attaches to 16 November. The other three statements describe ozone accurately enough for the paper's purposes: it is concentrated high in the atmosphere, it is made and destroyed by gas-phase photochemical reactions, and it is the three-atom form of oxygen.",UnlockIAS_2026-10-09,"[""Environment & Ecology""]",,cc9028193b2b9e8f0fada96bb6725427522bcd556f9ebc5f0f04a0717c78979f
CDS_2020_II_GK,CDS_II_2020_GK_037,CDS,2020,II,General Knowledge,37,Sea of Azov is connected to,Black Sea,Baltic Sea,Mediterranean Sea,North Sea,A,TRUSTED_SECONDARY,https://www.unlockias.in/cds-2020-ii-general-knowledge,https://www.unlockias.in/cds-2020-ii-general-knowledge/q37-sea-azov-connected,A,"Correct: A, Black Sea. The Sea of Azov opens into the Black Sea through the Strait of Kerch, a channel only about 4 km across at its narrowest, and that strait is its only outlet to the wider ocean. Everything else about the sea follows from being that enclosed and that small: it covers roughly 39,000 square kilometres, averages about 7 metres deep and reaches only about 14 metres at its deepest, which makes it the shallowest sea in the world. It is fed by the Don and the Kuban, which between them supply more than 90 per cent of the fresh water flowing in, and that inflow keeps it noticeably less salty than the Black Sea next door.",UnlockIAS_2026-10-09,"[""Geography""]",,e2fd1095e8f95b8947e76cc11b180da5d3496f5bce7955af6252a5f5c45e25ea
CDS_2020_II_GK,CDS_II_2020_GK_038,CDS,2020,II,General Knowledge,38,"Climax mine, the largest producer of molybdenum, is located in",Canada,USA,Australia,South Africa,B,TRUSTED_SECONDARY,https://www.unlockias.in/cds-2020-ii-general-knowledge,https://www.unlockias.in/cds-2020-ii-general-knowledge/q38-climax-mine-largest-producer-molybdenum-located,B,"Correct: B, USA. The Climax mine sits at Fremont Pass in Colorado, on the Continental Divide, straddling Lake and Summit counties, and the settlement of Climax takes its name from it. At its peak it was the largest molybdenum mine in the world and supplied about three-quarters of global molybdenum. It is worked by the Climax Molybdenum Company, now a subsidiary of Freeport-McMoRan, and it is still in production: after a seventeen-year shutdown it reopened and resumed shipping molybdenum on 10 May 2012, running a 25,000 tonne-per-day mill with capacity for roughly 30 million pounds of the metal a year.",UnlockIAS_2026-10-09,"[""Geography""]",,e56ed30e0ff9075e23e66141f8da103568930fcf8d33844aec837cec6e20e1ed
CDS_2020_II_GK,CDS_II_2020_GK_039,CDS,2020,II,General Knowledge,39,Which one among the following Union Territories of India is the smallest in geographical area?,Chandigarh,Puducherry,Dadra and Nagar Haveli and Daman and Diu,Lakshadweep,D,TRUSTED_SECONDARY,https://www.unlockias.in/cds-2020-ii-general-knowledge,https://www.unlockias.in/cds-2020-ii-general-knowledge/q39-one-among-union-territories-india-smallest-geographical,D,"Correct: D, Lakshadweep. Its total land area is only about 32 square kilometres, which makes it not merely the smallest union territory but the smallest of all thirty-six states and union territories of India. The number is small because almost nothing of Lakshadweep is land: the territory is 36 islands and islets built on 12 atolls, three reefs and five submerged banks scattered across the Arabian Sea, and the lagoons and reefs around them cover thousands of square kilometres that do not count as area. Its capital is Kavaratti and the 2011 Census recorded a population of 64,473.",UnlockIAS_2026-10-09,"[""Geography""]",,768f28484271e478690b6187b98232f1f74929e6e2e0bede0f021b08ccdc9d4d
CDS_2020_II_GK,CDS_II_2020_GK_040,CDS,2020,II,General Knowledge,40,Buenos Aires and Montevideo are situated across the banks of,River Plate,Orinoco River,Purus River,Madeira River,A,TRUSTED_SECONDARY,https://www.unlockias.in/cds-2020-ii-general-knowledge,https://www.unlockias.in/cds-2020-ii-general-knowledge/q40-buenos-aires-montevideo-situated-across-banks,A,"Correct: A, River Plate. River Plate is the English name for the Río de la Plata, the great funnel of water formed where the Paraná and the Uruguay meet at Punta Gorda and widen towards the South Atlantic. Buenos Aires stands on its south-western, Argentine bank and Montevideo on its north-eastern, Uruguayan bank, which is exactly the arrangement the question describes. Geographers argue over whether to call it a river, an estuary, a gulf or a marginal sea; if it is counted as a river it is the widest in the world, reaching about 220 kilometres across. The English name comes from an old use of plate to mean silver, which is also where Argentina takes its name.",UnlockIAS_2026-10-09,"[""Geography""]",,3108661ba9f62b9ed752ae6f2ffe8e73430106ef4f79861a7cb23375054f6036
CDS_2020_II_GK,CDS_II_2020_GK_041,CDS,2020,II,General Knowledge,41,The largest barrier reef system in the world is found at,East Australian Coast,West Australian Coast,North Australian Coast,South Australian Coast,A,TRUSTED_SECONDARY,https://www.unlockias.in/cds-2020-ii-general-knowledge,https://www.unlockias.in/cds-2020-ii-general-knowledge/q41-largest-barrier-reef-system-world-found,A,"Correct: A, East Australian Coast. The Great Barrier Reef runs down the east coast of Australia off Queensland, in the Coral Sea, and it is the largest coral reef system on Earth by a wide margin: over 2,300 kilometres long, about 344,400 square kilometres in extent, made up of more than 2,900 individual reefs and some 900 islands. It was inscribed on the UNESCO World Heritage list in 1981. Reef-building corals need warm, shallow, clear, sunlit water of normal salinity, and the shallow continental shelf on Australia's tropical east coast supplies exactly that.",UnlockIAS_2026-10-09,"[""Current Affairs""]",,249a07f88c68d86112eb71aceaa6de2eeccb650aacc474974abab0cd804acce2
CDS_2020_II_GK,CDS_II_2020_GK_042,CDS,2020,II,General Knowledge,42,"During the 19th century, who among the following wrote Satapatra Series?",M. G. Ranade,B. G. Tilak,Bankim Chandra Chatterjee,G. H. Deshmukh,D,TRUSTED_SECONDARY,https://www.unlockias.in/cds-2020-ii-general-knowledge,https://www.unlockias.in/cds-2020-ii-general-knowledge/q42-during-19th-century-among-wrote-satapatra-series,D,"Correct: D, G. H. Deshmukh. Gopal Hari Deshmukh, who signed himself Lokahitawadi, began writing for the Marathi weekly Prabhakar at the age of twenty-five and produced 108 pieces in the first two years, from about 1848. Marathi literature has known them ever since as Lokahitawadinchi Shatapatre, the hundred letters of Lokahitawadi, which is the series the question calls Satapatra. What made them famous was their bluntness: he attacked the priestly monopoly and caste hierarchy, argued for women's education and widow remarriage, and campaigned against child marriage, dowry and polygamy. He also helped found the Pune Nagar Vachan Mandir library, ran the periodicals Gyan Prakash and Indu Prakash, and set up a branch of the Prarthana Samaj in Ahmedabad.",UnlockIAS_2026-10-09,"[""Modern History""]",,88a619e01de3257777e46a83bcabbb4ae2ed360637c1fc4ad740a526c6bb7813
CDS_2020_II_GK,CDS_II_2020_GK_043,CDS,2020,II,General Knowledge,43,Which one of the following was not a demand made by the Congress moderates?,Universal adult franchise,Repeal of the Arms Act,Extension of Permanent Settlement,Higher jobs for Indians in the army,A,TRUSTED_SECONDARY,https://www.unlockias.in/cds-2020-ii-general-knowledge,https://www.unlockias.in/cds-2020-ii-general-knowledge/q43-one-demand-made-congress-moderates,A,"Correct: A, Universal adult franchise. The Moderates who led the Congress from 1885 to about 1905 never asked for it. Their programme was reform inside the colonial system: more elected Indians on the legislative councils, a wider but still property-based franchise, and greater Indian control over the budget. Adult suffrage regardless of property, literacy or sex was a demand of the next century, written into the Karachi resolution of 1931 and finally delivered by the Constitution in 1950. The other three options are all standard Moderate demands, listed in every account of the period.",UnlockIAS_2026-10-09,"[""Modern History""]",,be4d3d6b0c0402be1fac0e76630988979e5aeeb623170350ad63b7e584d45114
CDS_2020_II_GK,CDS_II_2020_GK_044,CDS,2020,II,General Knowledge,44,Who among the following founded the Mohammedan Anglo-Oriental Defence Association (1893)?,Auckland Colvin,Badruddin Tyabji,Theodore Beck,Sir Syed Ahmad Khan,D,TRUSTED_SECONDARY,https://www.unlockias.in/cds-2020-ii-general-knowledge,https://www.unlockias.in/cds-2020-ii-general-knowledge/q44-among-founded-mohammedan-anglo-oriental-defence-association,D,"Correct: D, Sir Syed Ahmad Khan. The Mohammedan Anglo-Oriental Defence Association of Upper India, set up in 1893, was the second of the two bodies Sir Syed created to keep Muslims and loyalist landholders away from the Congress and firmly attached to the British connection. The first was the United Patriotic Association, which he founded at Aligarh in 1888 with Raja Shiv Prasad of Benares to promote political co-operation with the British. The Defence Association carried on the same argument in the same city, run from the Muhammadan Anglo-Oriental College he had founded at Aligarh in 1875, and it belongs to the last phase of a long public life that ran from 1817 to 1898.",UnlockIAS_2026-10-09,"[""Modern History""]",,49492fa9f62c2748a50564b84867f7c47816fd48f1c73206738b06ee59fece1f
CDS_2020_II_GK,CDS_II_2020_GK_045,CDS,2020,II,General Knowledge,45,"After the First World War, the Triveni Sangh was formed by",the Jats and Gujjars,the Rajputs and Yadavs,the Jats and Yadavs,the Ahirs and Kurmis,D,TRUSTED_SECONDARY,https://www.unlockias.in/cds-2020-ii-general-knowledge,https://www.unlockias.in/cds-2020-ii-general-knowledge/q45-after-first-world-war-triveni-sangh-formed,D,"Correct: D, the Ahirs and Kurmis. The Triveni Sangh was a caste alliance of the Yadavs or Ahirs, the Kurmis and the Kushwahas or Koeris: three cultivating communities of Bihar. Its name says so: triveni is the confluence of three streams, after the Ganga, the Yamuna and the mythical Saraswati at Allahabad. It took shape in Shahabad district and was organised in 1934, and at its height it claimed over a million dues-paying members. What it wanted was political weight for what one account calls the middle peasant castes, and in particular a share of Congress nominations, which upper-caste candidates were taking. Option (d) names two of the three constituents, and no other option names any of them.",UnlockIAS_2026-10-09,"[""Modern History""]",,045493e287d725936477d3cc578d915307f420a573ad28b58006d77c8b5fb1f2
CDS_2020_II_GK,CDS_II_2020_GK_046,CDS,2020,II,General Knowledge,46,Who among the following was the first to accept a ministerial position in the Central Provinces in October 1925?,B. S. Moonje,M. R. Jayakar,S. B. Tambe,B. N. Sasmal,C,TRUSTED_SECONDARY,https://www.unlockias.in/cds-2020-ii-general-knowledge,https://www.unlockias.in/cds-2020-ii-general-knowledge/q46-among-first-accept-ministerial-position-central-provinces,C,"Correct: C, S. B. Tambe. Tambe was a Swarajist leader in the Central Provinces, and in October 1925 he took office under the Governor there: the step the question is asking about. It mattered far beyond one province. The Swaraj Party had gone into the councils in 1923 on an explicit promise of obstruction from within , wrecking budgets and refusing office, so a Swarajist accepting a place on the government's side of the table broke the whole premise. The party split over it within months, one wing defending co-operation where it could win something and the other insisting on the original line. Tambe is the name attached to that break because he was the first to take the step.",UnlockIAS_2026-10-09,"[""Science & Technology""]",,678a1bbb885e597717e23bb7528dbfdac56845831c66b35da45e9b70ceb25309
CDS_2020_II_GK,CDS_II_2020_GK_047,CDS,2020,II,General Knowledge,47,Who among the following formed the National Liberation Federation (Liberal Party)?,Motilal Nehru and C. R. Das,Muhammad Ali and C. R. Das,T. B. Sapru and M. R. Jayakar,M. R. Jayakar and C. R. Das,C,TRUSTED_SECONDARY,https://www.unlockias.in/cds-2020-ii-general-knowledge,https://www.unlockias.in/cds-2020-ii-general-knowledge/q47-among-formed-national-liberation-federation-liberal-party,C,"Correct: C, T. B. Sapru and M. R. Jayakar. The body the question means is the National Liberal Federation, the party the stem itself labels the Liberal Party. It was created when Moderates who welcomed the Montagu-Chelmsford proposals of 1918 left the Congress rather than join it in condemning them, and it became the constitutionalist party of the interwar decades. Sapru was its leader (the sources describe him plainly as the leader of the Liberal party in British-ruled India) and Jayakar is recorded as a member of the Indian National Liberal Federation. The two are best remembered together for their mediation between the Government and the Congress around 1930 and 1931 and for their work at the Round Table Conferences.",UnlockIAS_2026-10-09,"[""Science & Technology""]",,2ea48d6ae29b47b0ebff04fc606505975b7ea90e3b101c1dce6bb3069e3ea6de
CDS_2020_II_GK,CDS_II_2020_GK_048,CDS,2020,II,General Knowledge,48,The National Disaster Management Authority functions under the Ministry of,"Environment, Forest and Climate Change",Home Affairs,Commerce and Industry,Finance,B,TRUSTED_SECONDARY,https://www.unlockias.in/cds-2020-ii-general-knowledge,https://www.unlockias.in/cds-2020-ii-general-knowledge/q48-national-disaster-management-authority-functions-under-ministry,B,"Correct: B, Home Affairs. The National Disaster Management Authority functions under the Ministry of Home Affairs, and it is chaired by the Prime Minister. It was set up by the Disaster Management Act enacted on 23 December 2005, which built a three-tier structure: the NDMA at the Centre, a State Disaster Management Authority chaired by the Chief Minister in each state, and a District Disaster Management Authority in each district. The same Act created the National Disaster Response Force as a dedicated response force and the National Institute of Disaster Management for training and research. Home Affairs is the right ministry because disaster response draws on police, paramilitary and civil administration, all of which it controls.",UnlockIAS_2026-10-09,"[""Geography""]",,4116373cf6438a298f0fd441d60437c3c14029d19e1932f3c9f3d5484e0dea64
CDS_2020_II_GK,CDS_II_2020_GK_049,CDS,2020,II,General Knowledge,49,The socialist idea of Sapta Kranti (Seven Revolutions) was proposed by,Ram Manohar Lohia,Jawaharlal Nehru,M. G. Ranade,Jayaprakash Narayan,A,TRUSTED_SECONDARY,https://www.unlockias.in/cds-2020-ii-general-knowledge,https://www.unlockias.in/cds-2020-ii-general-knowledge/q49-socialist-idea-sapta-kranti-seven-revolutions-proposed,A,"Correct: A, Ram Manohar Lohia. Lohia set out the doctrine of Sapta Kranti in 1963, arguing that humanity was in revolt on seven fronts at once: for equality between men and women; against inequality founded on colour; against caste and inherited hierarchy; for national independence from foreign domination; for economic parity through greater production; for the privacy of the individual against unjust encroachment by the collective; and against weapons, in favour of settling disputes without them. The list is characteristic of him: he refused to treat economic exploitation as the single axis of politics and put caste, sex and colour alongside it, which is what separates his socialism from the orthodox Marxist kind.",UnlockIAS_2026-10-09,"[""Indian Polity""]",,e738db219fbbdc3e70a06d772cc8881eb6313db3c28d016e9e73236648e9ce13
CDS_2020_II_GK,CDS_II_2020_GK_050,CDS,2020,II,General Knowledge,50,Which one among the following is not a character of a secular State?,It refuses theocracy.,It separates religion from the State.,A State in order to be secular must be democratic.,It must prevent religious conflict and promote religious harmony.,C,TRUSTED_SECONDARY,https://www.unlockias.in/cds-2020-ii-general-knowledge,https://www.unlockias.in/cds-2020-ii-general-knowledge/q50-one-among-character-secular-state,C,"Correct: C, A State in order to be secular must be democratic. That is the statement which is not a character of a secular state, because secularity and democracy are separate properties and neither entails the other. A one-party state can enforce a rigid separation of religion from government while allowing its people no vote at all, and a functioning democracy can retain an established church, as the United Kingdom does with the Church of England, without ceasing to be liberal. Secularism is a claim about the relationship between the state and religion. Democracy is a claim about who holds power. The other three options each describe that first relationship and so belong to the definition.",UnlockIAS_2026-10-09,"[""Indian Polity""]",,2eae84977aacc072ed06aabfda0e04df32e305460ecf5ace2fbf4c4f7142b685
CDS_2020_II_GK,CDS_II_2020_GK_051,CDS,2020,II,General Knowledge,51,A special address by the Governor refers to the address delivered by the Governor,when President's Rule is called for,when a national emergency necessitates dissolution of Legislative Assembly,at the commencement of the first session after general election and at the first session of each year,whenever he/she has concluded that such is necessary,C,TRUSTED_SECONDARY,https://www.unlockias.in/cds-2020-ii-general-knowledge,https://www.unlockias.in/cds-2020-ii-general-knowledge/q51-special-address-governor-refers-address-delivered-governor,C,"Correct: C, at the commencement of the first session after general election and at the first session of each year. This is Article 176 of the Constitution, whose own heading is 'Special address by the Governor'. Its first clause says exactly what the option says: at the commencement of the first session after each general election to the Legislative Assembly, and of the first session of each year, the Governor shall address the Assembly (or, in a State with a Legislative Council, both Houses assembled together) and inform the Legislature of the causes of its summons. The second clause requires the House rules to set aside time to discuss the address, which is how the Motion of Thanks debate happens. Article 87 does the same job for the President and Parliament.",UnlockIAS_2026-10-09,"[""Indian Polity""]",,381115aa0134d3b344eb653e3805c9732dcba0ba20b5cc244ffcb04f0b11a761
CDS_2020_II_GK,CDS_II_2020_GK_052,CDS,2020,II,General Knowledge,52,Which one of the following statements in relation to Panchayats is not correct?,"Legislature of a State may, by law, make provisions with respect to the composition of Panchayats.",Panchayat area means the territorial area of a Panchayat.,Gram Sabha includes all persons in the electoral rolls of village within a Panchayat.,Reservation of seats for SCs and STs has nothing to do with proportion of their population.,D,TRUSTED_SECONDARY,https://www.unlockias.in/cds-2020-ii-general-knowledge,https://www.unlockias.in/cds-2020-ii-general-knowledge/q52-one-statements-relation-panchayats-correct,D,"Correct: D, Reservation of seats for SCs and STs has nothing to do with proportion of their population. That is the false statement, and the Constitution says the opposite in as many words. Article 243D(1) reserves seats for the Scheduled Castes and the Scheduled Tribes in every Panchayat. The number so reserved shall bear, as nearly as may be, the same proportion to the total seats filled by direct election in that Panchayat as their population in that Panchayat area bears to the area's total population. Proportion is not incidental to the scheme; it is the rule that fixes the number of reserved seats. The other three options each restate a provision of Part IX accurately.",UnlockIAS_2026-10-09,"[""Indian Polity""]",,ffb14c2f1953e20387f443325615838134afff856066ada6c8a6a55b2f073a24
CDS_2020_II_GK,CDS_II_2020_GK_053,CDS,2020,II,General Knowledge,53,Which one of the following statements with regard to 'protective democracy' is not correct?,It propounds that citizen participation is essential in democracies.,Citizens must be able to protect themselves from governmental encroachments.,It is compatible with laissez-faire capitalism.,Political equality is understood in formal terms as equal voting rights.,A,TRUSTED_SECONDARY,https://www.unlockias.in/cds-2020-ii-general-knowledge,https://www.unlockias.in/cds-2020-ii-general-knowledge/q53-one-statements-regard-protective-democracy-correct,A,"Correct: A, It propounds that citizen participation is essential in democracies. That claim belongs to a rival model, not to protective democracy. In the protective model (the earliest liberal account, associated with Locke, Bentham and James Mill) democracy is not valued as a school of citizenship but as a defence. Government is necessary and government is dangerous, so the governed need a device to stop those in office serving themselves at the public's expense, and the vote is that device. Participation is therefore instrumental and can be minimal: turning out to remove a bad government every few years is enough for protection. The view that taking part is itself the point, because it develops the intelligence and character of ordinary people, is the developmental model, argued by Rousseau and John Stuart Mill.",UnlockIAS_2026-10-09,"[""Indian Polity""]",,eb3c80f0f995b20ea37804145cdf133065b18efc1c0e30651064edbea10d89ae
CDS_2020_II_GK,CDS_II_2020_GK_054,CDS,2020,II,General Knowledge,54,"In August 2020, a blast has taken place at Beirut killing about one hundred people and thousand wounded. The blast was caused by",dynamite,ammonium nitrate,RDX,mercury nitride,B,TRUSTED_SECONDARY,https://www.unlockias.in/cds-2020-ii-general-knowledge,https://www.unlockias.in/cds-2020-ii-general-knowledge/q54-august-2020-blast-taken-place-beirut-killing,B,"Correct: B, ammonium nitrate. About 2,750 tonnes of ammonium nitrate stored at the Port of Beirut detonated on 4 August 2020, releasing energy comparable to roughly 1.1 kilotons of TNT and making it one of the largest accidental non-nuclear explosions on record. The cargo had arrived aboard the ship MV Rhosus in November 2013, bound from Georgia to Mozambique; the vessel was found unseaworthy, the shipment was confiscated and it sat in Warehouse 12 for six years while customs officials wrote repeatedly to judges asking for it to be removed. Ammonium nitrate is an ordinary nitrogen fertiliser and quite stable in normal storage, but it is a strong oxidiser, and a large confined mass of it that is heated will detonate.",UnlockIAS_2026-10-09,"[""Science & Technology""]",,d8de07479462034970ae0b1d3c3f0fef207d1527c93426a98497d9a70a0bc567
CDS_2020_II_GK,CDS_II_2020_GK_055,CDS,2020,II,General Knowledge,55,What is ‘Little Boy’?,The fission bomb dropped at Hiroshima,The fusion bomb dropped at Nagasaki,The first nuclear bomb tested by America,The first nuclear bomb tested by North Korea,A,TRUSTED_SECONDARY,https://www.unlockias.in/cds-2020-ii-general-knowledge,https://www.unlockias.in/cds-2020-ii-general-knowledge/q55-little-boy,A,"Correct: A, The fission bomb dropped at Hiroshima. Little Boy was the code name of the gun-type weapon carried by the aircraft Enola Gay and released over Hiroshima on 6 August 1945. It worked by nuclear fission of highly enriched uranium: one sub-critical mass of uranium-235 was fired down a gun barrel into another, and the combined mass went supercritical. Its counterpart three days later was Fat Man, an implosion device using plutonium, dropped on Nagasaki on 9 August 1945: implosion was needed there because the plutonium made in the Hanford reactors carried too much plutonium-240 for a gun assembly to work. Both were fission weapons; fusion weapons came several years later.",UnlockIAS_2026-10-09,"[""Science & Technology""]",,33c7474bab8f67b5f36bd2a3f4b3d0e77d5af61fafb0315a38df2f3f9731c04b
CDS_2020_II_GK,CDS_II_2020_GK_056,CDS,2020,II,General Knowledge,56,Which one of the following Indian institutes was approved by the Drugs Controller General of India for conducting human trials of the Oxford-AstraZeneca Covid-19 vaccine candidate?,Bharat Biotech,AIIMS,Serum Institute of India,National Institute of Epidemiology,C,TRUSTED_SECONDARY,https://www.unlockias.in/cds-2020-ii-general-knowledge,https://www.unlockias.in/cds-2020-ii-general-knowledge/q56-one-indian-institutes-approved-drugs-controller-general,C,"Correct: C, Serum Institute of India. The Pune-based Serum Institute is the Indian partner for the Oxford-AstraZeneca candidate, and the Drugs Controller General of India cleared it to run the Indian human trials of that vaccine in 2020. The vaccine it went on to make under licence was Covishield, the Indian version of the Oxford-AstraZeneca product: a viral-vector vaccine built on a modified chimpanzee adenovirus, ChAdOx1, carrying the gene for the SARS-CoV-2 spike protein. Serum Institute is the world's largest vaccine maker by number of doses, which is why the Oxford group turned to it for volume manufacture rather than to a research institute or a hospital.",UnlockIAS_2026-10-09,"[""Science & Technology""]",,a46ee409fb9c3aea927a46187775335651010a20875b0b5a8599e3350758bb28
CDS_2020_II_GK,CDS_II_2020_GK_057,CDS,2020,II,General Knowledge,57,The recent explosion near OIL well in Baghjan is due to,removing the spool during the blowout control operations,transfer of oil from its depot to a pipeline,the leakage of methyl isocyanide,the leakage of radiations from radioactive substance,A,TRUSTED_SECONDARY,https://www.unlockias.in/cds-2020-ii-general-knowledge,https://www.unlockias.in/cds-2020-ii-general-knowledge/q57-recent-explosion-near-oil-well-baghjan-due,A,"Correct: A, removing the spool during the blowout control operations. The setting is Oil India's Baghjan gas well number 5 in Tinsukia district of Assam, drilled in 2006 and producing between 80,000 and 100,000 standard cubic metres of gas a day. On 27 May 2020, at about half past ten in the morning, the well went out of control during workover operations: a new sand reservoir was being opened while equipment from the previous one was being serviced, and the blowout preventer had been temporarily taken off for that maintenance. Gas then escaped uncontrolled for thirteen days. On 9 June it ignited at the wellhead while the well-control operation was under way, and the keyed option names the step of that operation, taking off the spool (a section of the wellhead assembly), during which the fire began. The other three options describe events that never happened at Baghjan.",UnlockIAS_2026-10-09,"[""Geography""]",,d46933e0339795545999bd93176a5f9f7c5ff3c76a9a18e77c79f3a5aa172fec
CDS_2020_II_GK,CDS_II_2020_GK_058,CDS,2020,II,General Knowledge,58,Who among the following is the architect of the Ram Temple being constructed at Ayodhya?,P. O. Sompura,Chandrakant Sompura,Brinda Somaya,B. V. Doshi,B,TRUSTED_SECONDARY,https://www.unlockias.in/cds-2020-ii-general-knowledge,https://www.unlockias.in/cds-2020-ii-general-knowledge/q58-among-architect-ram-temple-constructed-ayodhya,B,"Correct: B, Chandrakant Sompura. He is the chief architect of the Shree Ram Janmbhoomi Mandir at Ayodhya, an Ahmedabad-based designer who represents the fifteenth generation of a family of temple architects. He trained under his grandfather and has designed more than 130 temples, among them the Ambaji temple at Palanpur, the Akshardham at Gandhinagar, the Swaminarayan temple at Mumbai and the Birla Mandir at Kolkata; the Akshar Purushottam Swaminarayan temple he designed in London took a Guinness World Record in 1997. The temple at Ayodhya was consecrated in January 2024, and Sompura received the Padma Shri in 2025.",UnlockIAS_2026-10-09,"[""Science & Technology""]",,cf4fce6db647edf3c80fc60037dc1cff3551fa2d713c31536224a92e184a12e1
CDS_2020_II_GK,CDS_II_2020_GK_059,CDS,2020,II,General Knowledge,59,Which one of the following countries is not located on the Tropic of Capricorn?,Chile,Brazil,Paraguay,Uruguay,D,TRUSTED_SECONDARY,https://www.unlockias.in/cds-2020-ii-general-knowledge,https://www.unlockias.in/cds-2020-ii-general-knowledge/q59-one-countries-located-tropic-capricorn,D,"Correct: D, Uruguay. The Tropic of Capricorn lies at about 23 degrees 26 minutes south: its exact latitude is currently 23°26'09"", and it is creeping north by roughly fifteen metres a year. Travelling eastward round the world it crosses Namibia, Botswana, South Africa, Mozambique, Madagascar, Australia and then, in South America, Chile, Argentina, Paraguay and Brazil. Uruguay is not on it. In fact Uruguay is one of only four countries in the world that lie wholly to the south of the Tropic of Capricorn, the others being Eswatini, Lesotho and New Zealand, so the country is not merely off the line, it is entirely outside the tropics.",UnlockIAS_2026-10-09,"[""Geography""]",,1259621c8ea907714116f174ec53169d8a1a33d04807647012551e3d021822c4
CDS_2020_II_GK,CDS_II_2020_GK_060,CDS,2020,II,General Knowledge,60,Match List-I with List-II and select the correct answer using the code given below the Lists: List-I (Active Volcano) A. Mount Merapi B. Sakurajima C. Mount Vesuvius D. Mauna Loa List-II (Location) 1. Hawaii 2. Italy 3. Japan 4. Indonesia,A-1 B-2 C-3 D-4,A-1 B-3 C-2 D-4,A-4 B-2 C-3 D-1,A-4 B-3 C-2 D-1,D,TRUSTED_SECONDARY,https://www.unlockias.in/cds-2020-ii-general-knowledge,https://www.unlockias.in/cds-2020-ii-general-knowledge/q60-match-list-list-select-correct-answer-using,D,"Correct: D, A-4 B-3 C-2 D-1. Mount Merapi is in central Java and belongs to Indonesia, so A goes with 4. Sakurajima stands over Kagoshima Bay in Kyushu, so B goes with 3, Japan. Mount Vesuvius overlooks the Bay of Naples in Italy, so C goes with 2: the volcano that buried Pompeii and Herculaneum in AD 79. Mauna Loa is on the island of Hawaii, so D goes with 1. Only option (d) puts all four in place. A useful check while matching: three of these four sit on the Pacific Ring of Fire and one, Vesuvius, does not, which is enough to fix C on its own.",UnlockIAS_2026-10-09,"[""Geography""]",,c12c41f296a8810f37ccafaaa4f92cd2f6de96407d4b7076e28512d3325594da
CDS_2020_II_GK,CDS_II_2020_GK_061,CDS,2020,II,General Knowledge,61,Which one of the following is not a major tectonic plate?,Saudi Arabian plate,Antarctica and the surrounding oceanic plate,India-Australia-New Zealand plate,Pacific plate,A,TRUSTED_SECONDARY,https://www.unlockias.in/cds-2020-ii-general-knowledge,https://www.unlockias.in/cds-2020-ii-general-knowledge/q61-one-major-tectonic-plate,A,"Correct: A, Saudi Arabian plate. There is no such plate. The other three options are copied word for word out of the NCERT list of the seven major plates in Class 11 Fundamentals of Physical Geography, chapter 4: Antarctica and the surrounding oceanic plate, the India-Australia-New Zealand plate and the Pacific plate all sit in that numbered list, alongside the North American, South American, African and Eurasian plates. What the same page does with the Arabian landmass is put it among the MINOR plates, and its gloss reads 'Arabian plate : Mostly the Saudi Arabian landmass'. The examiner has taken that description and welded it into a plate name. The plate that exists is the Arabian plate; it covers about 5 million square kilometres, which is a quarter of the 20-million-square-kilometre floor conventionally used to separate major plates from minor ones.",UnlockIAS_2026-10-09,"[""Geology & Geophysics""]",,23e0e9f1013acb8ce47178ab913d8987bc1d43d5e95487dc20c1077475951130
CDS_2020_II_GK,CDS_II_2020_GK_062,CDS,2020,II,General Knowledge,62,Which one of the following is considered as the deepest point of the oceans?,Tonga Trench,Mariana Trench,Philippine Trench,Kermadec Trench,B,TRUSTED_SECONDARY,https://www.unlockias.in/cds-2020-ii-general-knowledge,https://www.unlockias.in/cds-2020-ii-general-knowledge/q62-one-considered-deepest-point-oceans,B,"Correct: B, Mariana Trench. Its southern end holds the Challenger Deep, the deepest measured point on the ocean floor at roughly 10,900 to 11,000 metres below sea level: deep enough to swallow Mount Everest with about two kilometres of water to spare. The trench lies in the western Pacific, east of the Mariana Islands, and is formed where the Pacific plate is forced under the smaller Mariana plate. Depth figures here should always be quoted loosely: modern dives corrected for salinity and temperature are published with an uncertainty of around fifteen metres, and the Challenger Deep has been given as anything from 10,911 m to 10,994 m depending on the survey. The point being tested is the ranking, and on that there is no argument.",UnlockIAS_2026-10-09,"[""Geography""]",,3800fecb353589791f1961d1794c9db8057c3bfa5d2f79c437c26abcdd020d1c
CDS_2020_II_GK,CDS_II_2020_GK_063,CDS,2020,II,General Knowledge,63,The four planets closest to the Sun are called,terrestrial planets,giant planets,dwarf planets,gas planets,A,TRUSTED_SECONDARY,https://www.unlockias.in/cds-2020-ii-general-knowledge,https://www.unlockias.in/cds-2020-ii-general-knowledge/q63-four-planets-closest-sun-called,A,"Correct: A, terrestrial planets. Mercury, Venus, Earth and Mars are the four inner planets, and they are grouped together because they are alike in the ways that matter: small, dense, rocky, with solid surfaces you could stand on, thin atmospheres and few or no moons. 'Terrestrial' simply means earth-like. They sit inside the asteroid belt because the young Sun's heat drove the light gases outward, leaving only metals and silicates able to condense close in. Beyond the belt the same process left Jupiter, Saturn, Uranus and Neptune: the Jovian or giant planets, far larger, far less dense, with deep gaseous envelopes, ring systems and dozens of moons apiece.",UnlockIAS_2026-10-09,"[""Science & Technology""]",,6775cee040f73f575d95a9ff4b07726b608eaa893a2af78cc1de474617772bfb
CDS_2020_II_GK,CDS_II_2020_GK_064,CDS,2020,II,General Knowledge,64,Which one of the following countries does not have Tundra vegetation?,Belarus,USA,Russia,Canada,A,TRUSTED_SECONDARY,https://www.unlockias.in/cds-2020-ii-general-knowledge,https://www.unlockias.in/cds-2020-ii-general-knowledge/q64-one-countries-tundra-vegetation,A,"Correct: A, Belarus. Tundra is the treeless belt that lies poleward of the coniferous forest, and it needs a polar or subpolar position to exist: in the Koeppen scheme it is the ET climate, where the warmest month averages above 0 degrees Celsius but stays below 10. Belarus is nowhere near that. The country sits at about 53 degrees north, is landlocked in eastern Europe, has a temperate continental climate moderated by the Baltic 257 km away, and its natural vegetation is forest: pine over half the wooded area, with spruce, birch, alder, oak and aspen, and nearly a third of the country under the large forest tracts called pushchas. Its highest point, Dzyarzhynskaya Hara, is only 346 metres, so there is no alpine tundra either. The other three all reach the Arctic: Alaska for the United States, the vast north for Russia, and the far north and Arctic archipelago for Canada.",UnlockIAS_2026-10-09,"[""Geography""]",,afe585babdbf9e5f74577bb0bb46ade620f9b6bef90ef50f3c09673a3979446e
CDS_2020_II_GK,CDS_II_2020_GK_065,CDS,2020,II,General Knowledge,65,Which one of the following is not a fluvial landform?,Cirque,Gorge,Braids,Canyon,A,TRUSTED_SECONDARY,https://www.unlockias.in/cds-2020-ii-general-knowledge,https://www.unlockias.in/cds-2020-ii-general-knowledge/q65-one-fluvial-landform,A,"Correct: A, Cirque. A cirque is glacial, not fluvial. It is the amphitheatre-shaped hollow gouged out at the head of a valley glacier by plucking and abrasion, steep-walled on three sides and open downslope; when the ice melts it often fills with a small lake called a tarn, and where three or more cirques cut back into the same peak they leave the knife-edged aretes and pyramidal horn that give high mountains their shape. The other three options are all made by running water. Fluvial means 'of a river', from the Latin fluvius, and that etymology alone separates the odd one out here.",UnlockIAS_2026-10-09,"[""Geography""]",,99a4859baba73768aa0aca176547f841ea4d7da524e483637a7d62705975d092
CDS_2020_II_GK,CDS_II_2020_GK_066,CDS,2020,II,General Knowledge,66,"In the Gandhara School of Art, initially blue schist and green phyllite were used. When did stucco completely replace stone as main material used by Gandhara School sculptors?",1st century CE,2nd century CE,3rd century CE,5th century CE,C,TRUSTED_SECONDARY,https://www.unlockias.in/cds-2020-ii-general-knowledge,https://www.unlockias.in/cds-2020-ii-general-knowledge/q66-gandhara-school-art-initially-blue-schist-green,C,"Correct: C, 3rd century CE. The Gandhara sculptors began in stone: the grey-blue mica schist and green phyllite quarried in the Swat and Peshawar country, which is why a Gandhara Buddha in a museum so often has that distinctive dark grey-green sheen. Stucco, a lime plaster modelled over a rough core, appears alongside stone from about the 1st century CE and steadily takes over, and by the 3rd century it has displaced stone as the working material. The reason is practical rather than aesthetic. Stucco could be modelled quickly and cheaply, took fine surface detail and paint, and suited the large monastic building programmes of the later period, where hundreds of figures had to be produced for a single stupa court. Britannica puts it as stucco 'used increasingly after the 3rd century CE'; the paper's stronger phrase 'completely replace' is the exam's own.",UnlockIAS_2026-10-09,"[""Art & Culture""]",,4d24493b7aef2c3f53090485fdb4ff3a2a544593f03a83f5f70967c1d1674bf0
CDS_2020_II_GK,CDS_II_2020_GK_067,CDS,2020,II,General Knowledge,67,Which one of the following statements about Gupta coins is not correct?,Gupta kings issued large number of gold coins known as Dinar.,"Chandragupta II, Kumaragupta I, Skandagupta and Budhagupta issued silver coins.",The obverses of coins are carved with the images of the kings and on the reverse are carved deities.,The largest number of coins issued by the Guptas were of copper.,D,TRUSTED_SECONDARY,https://www.unlockias.in/cds-2020-ii-general-knowledge,https://www.unlockias.in/cds-2020-ii-general-knowledge/q67-one-statements-about-gupta-coins-correct,D,"Correct: D, The largest number of coins issued by the Guptas were of copper. That is the statement that fails. The Guptas are remembered as the great gold coiners of ancient India: their standard piece was the eight-gram gold dinara, modelled on the Roman denarius, and it survives in enormous numbers: the Bayana hoard found in Bharatpur district alone yielded around two thousand Gupta gold coins. Copper is the opposite case. Gupta copper coinage is scarce and is mostly confined to the reign of Chandragupta II, which is precisely why numismatists treat Gupta copper pieces as uncommon finds. Gold, not copper, accounts for the bulk of the surviving Gupta coinage, so the claim in option (d) is not correct and is the one the stem is asking for.",UnlockIAS_2026-10-09,"[""Ancient History""]",,ba970db5d3c4a1d1344abf337ecacb95a2903f26d47896650e26c89aac4525aa
CDS_2020_II_GK,CDS_II_2020_GK_068,CDS,2020,II,General Knowledge,68,Who among the following wrote The Philosophy of the Bomb?,Sukhdev,Chandrashekhar Azad,Bhagwati Charan Vohra,Bhagat Singh,C,TRUSTED_SECONDARY,https://www.unlockias.in/cds-2020-ii-general-knowledge,https://www.unlockias.in/cds-2020-ii-general-knowledge/q68-among-wrote-philosophy-bomb,C,"Correct: C, Bhagwati Charan Vohra. He drafted The Philosophy of the Bomb, and it was issued in the name of the Hindustan Socialist Republican Association with Chandrashekhar Azad's approval. It was written as a direct reply to Gandhi. After the attempt on the Viceroy Lord Irwin's train on 23 December 1929, Gandhi published an article called 'The Cult of the Bomb' condemning the revolutionaries and giving thanks for Irwin's escape; the HSRA's answer defended armed action and appealed to the young to join it, with lines such as 'There is no crime that Britain has not committed in India. Deliberate misrule has reduced us to paupers, has bled us white.' Vohra was propaganda secretary of both the HSRA and the Naujawan Bharat Sabha, and he was killed on 28 May 1930 on the bank of the Ravi at Lahore when a bomb he was testing (for a plan to rescue Bhagat Singh) went off prematurely.",UnlockIAS_2026-10-09,"[""Modern History""]",,8ddc161c4da75e2088723412066287f73a8b14f0c323ff340e44042666df3f17
CDS_2020_II_GK,CDS_II_2020_GK_069,CDS,2020,II,General Knowledge,69,At which one of the following Sessions of the Indian National Congress was the resolution on Fundamental Rights and Economic Policy passed?,Tripuri Session,Lahore Session,Lucknow Session,Karachi Session,D,TRUSTED_SECONDARY,https://www.unlockias.in/cds-2020-ii-general-knowledge,https://www.unlockias.in/cds-2020-ii-general-knowledge/q69-one-sessions-indian-national-congress-resolution-fundamental,D,"Correct: D, Karachi Session. The Resolution on Fundamental Rights and Economic Policy was passed at the Karachi session of the Congress at the end of March 1931, presided over by Sardar Vallabhbhai Patel. It was drafted by Jawaharlal Nehru with editorial changes by Gandhi, and it ran to about twenty points: freedom of speech, press, assembly and association; equality before the law irrespective of caste, creed or sex; neutrality of the state in matters of religion; universal adult franchise; free and compulsory primary education; a living wage and protection for labour; and state ownership or control of key industries, mines, transport and shipping. It was the first time the Congress set out what a free India would guarantee its citizens rather than only what it wanted from the British, and much of it resurfaces in the Fundamental Rights and Directive Principles of the Constitution.",UnlockIAS_2026-10-09,"[""Modern History""]",,ed832aab340262de7f84dfa4ee59fc0342ed3cc72a60986f062c60638bf19cd8
CDS_2020_II_GK,CDS_II_2020_GK_070,CDS,2020,II,General Knowledge,70,Which one of the following towns was not a centre of the Revolt of 1857?,Ayodhya,Agra,Delhi,Kanpur,A,TRUSTED_SECONDARY,https://www.unlockias.in/cds-2020-ii-general-knowledge,https://www.unlockias.in/cds-2020-ii-general-knowledge/q70-one-towns-centre-revolt-1857,A,"Correct: A, Ayodhya. Of the four towns listed, three are fixed points on every map of 1857. Delhi was the centre of the whole revolt from 11 May, when the Meerut sepoys arrived and proclaimed Bahadur Shah Zafar emperor, until the city was retaken in September. Kanpur saw Nana Saheb's rising, the siege of Wheeler's entrenchment and the massacres of June and July. Agra, the seat of the Lieutenant-Governor of the North-Western Provinces, was attacked too: the province rose, the British were beaten in an action outside the city on 5 July 1857, and some six thousand European non-combatants were shut up in Agra Fort until relief came. Ayodhya is the one name that does not appear in the standard roll of centres: the textbook list runs Delhi, Meerut, Kanpur, Lucknow, Jhansi, Bareilly, Arrah and Faizabad.",UnlockIAS_2026-10-09,"[""Modern History""]",,c3ef894417770ecc65bcf0db243ac79223c29a68ab22dd10906b7032f5a9b25f
CDS_2020_II_GK,CDS_II_2020_GK_071,CDS,2020,II,General Knowledge,71,Consider the following statements: The Azamgarh Proclamation refers to 1. the declaration by the rebels of 1857 2. the statement by the leader of the underground movement in the Revolt of 1942 Which of the statements given above is/are not correct?,1 only,2 only,Both 1 and 2,Neither 1 nor 2,A,TRUSTED_SECONDARY,https://www.unlockias.in/cds-2020-ii-general-knowledge,https://www.unlockias.in/cds-2020-ii-general-knowledge/q71-consider-statements-azamgarh-proclamation-refers-declaration-rebels,A,"Correct: A, 1 only. That is the letter the official UPSC key carries for this question, and the history behind it is clear: the Azamgarh Proclamation is a document of 1857 and of nothing else. NCERT prints it as 'The Azamgarh Proclamation, 25 August 1857' and introduces it in these words: 'This is one of the main sources of our knowledge about what the rebels wanted.' It is an ishtahar addressed jointly to Hindus and Muslims, promising a restored Badshahi government, and it argues its case section by section to zamindars, merchants, public servants, artisans and finally pundits and fakirs, telling each group what British rule had cost it. Statement 2 has no basis: nothing called the Azamgarh Proclamation belongs to the Quit India movement of 1942. Note, though, that the printed stem asks which statement is not correct, and read strictly that points to option (b).",UnlockIAS_2026-10-09,"[""Modern History""]",,8dd5d6620a521d5418ad04e223fc6175f63ca8432305dea7117879bbd08a2315
CDS_2020_II_GK,CDS_II_2020_GK_072,CDS,2020,II,General Knowledge,72,Ibn Batuta went to China as the envoy of which one of the following Delhi Sultans?,Alauddin Khilji,Muhammad bin Tughluq,Iltutmish,Firoz Shah Tughluq,B,TRUSTED_SECONDARY,https://www.unlockias.in/cds-2020-ii-general-knowledge,https://www.unlockias.in/cds-2020-ii-general-knowledge/q72-ibn-batuta-went-china-envoy-one-delhi,B,"Correct: B, Muhammad bin Tughluq. Ibn Battuta reached Delhi around 1334, and the Sultan appointed the Moroccan traveller qazi of the capital, a post he held for several years. In 1341 an embassy arrived from the Yuan court of China asking permission to rebuild a Buddhist temple in the Himalayan foothills, and Muhammad bin Tughluq chose Ibn Battuta to lead the return mission. The embassy was a disaster. Bandits attacked the party on the way to the coast and Ibn Battuta was robbed, seized and nearly killed; at Calicut one of his ships went down in a storm and the other sailed without him and was later taken by a king in Sumatra. Rather than face the Sultan after losing the mission and its gifts, he never went back to Delhi. He wrote it all up in the Rihla, which is the fullest outside account of Muhammad bin Tughluq's reign.",UnlockIAS_2026-10-09,"[""Medieval History""]",,800bad849696d4c81bbc68696ec2a1055f2779662ab77158abc7877409b491ab
CDS_2020_II_GK,CDS_II_2020_GK_073,CDS,2020,II,General Knowledge,73,Al-Biruni’s Kitab-ul-Hind was written in which language?,Arabic,Persian,Urdu,Turkish,A,TRUSTED_SECONDARY,https://www.unlockias.in/cds-2020-ii-general-knowledge,https://www.unlockias.in/cds-2020-ii-general-knowledge/q73-biruni-kitab-hind-written-language,A,"Correct: A, Arabic. NCERT states it flatly: 'Al-Biruni's Kitab-ul-Hind, written in Arabic, is simple and lucid. It is a voluminous text, divided into 80 chapters on subjects such as religion and philosophy, festivals, astronomy, alchemy, manners and customs, social life, weights and measures, iconography, laws and metrology.' Arabic was the scholarly language of the Islamic world in the eleventh century, the language into which Sanskrit works on astronomy, mathematics and medicine had been translated since the eighth century, and the language in which al-Biruni wrote almost everything. He learnt Sanskrit himself in the company of Brahmana scholars and translated in both directions: Patanjali's work on grammar into Arabic, and Euclid into Sanskrit for his Indian friends.",UnlockIAS_2026-10-09,"[""Medieval History""]",,85183b817e4df8a062e027a098f2f3d60755232fda32b96083d25b416886c859
CDS_2020_II_GK,CDS_II_2020_GK_074,CDS,2020,II,General Knowledge,74,Which of the following statements with regard to the privileges of the Members of the Parliament are correct? 1. Privileges would not be fettered by the Article 19(1)(a) of the Constitution of India. 2. Privileges must be read subject to the Articles 20-22 and Article 32 of the Constitution of India. 3. Immunity is available in relation to both civil and criminal prosecution. 4. Immunity is available in relation to freedom of speech even in his/her private or personal capacity. Select the correct answer using the code given below.,"1, 2 and 4",1 and 2 only,2 and 3,1 and 4 only,B,TRUSTED_SECONDARY,https://www.unlockias.in/cds-2020-ii-general-knowledge,https://www.unlockias.in/cds-2020-ii-general-knowledge/q74-statements-regard-privileges-members-parliament-correct-privileges,B,"Correct: B, 1 and 2 only. Statements 1 and 2 together state the settled position the Supreme Court reached on parliamentary privilege. In M. S. M. Sharma v. Sri Krishna Sinha the Court held that the privileges preserved by Article 105(3) are not cut down by the free-speech guarantee of Article 19(1)(a). That is statement 1. In the Keshav Singh reference of 1964-65 it held that privilege does not stand outside the rest of the Constitution: the protections of Articles 20 to 22 hold, and the Court's jurisdiction under Article 32 survives. That is statement 2. Statement 3 fails because freedom from arrest covers civil matters only, during a session and for forty days before and after it, not criminal cases. Statement 4 fails on the plain words of Article 105(2), which protect 'anything said or any vote given by him in Parliament or any committee thereof', not what a member says in a private or personal capacity outside.",UnlockIAS_2026-10-09,"[""Indian Polity""]",,a6dc6a19aa0f2e742cc2d52f69c9ae7ef89c8565f9eba79eb64ec519a7780c93
CDS_2020_II_GK,CDS_II_2020_GK_075,CDS,2020,II,General Knowledge,75,Which one of the following statements with regard to the appointment of the Members of the Parliamentary Committees is correct?,The Members are only appointed.,The Members are only elected.,The Members are only nominated.,The Members are appointed or elected on a motion made and adopted or nominated by the Speaker of the Lok Sabha or the Chairman of the Rajya Sabha.,D,TRUSTED_SECONDARY,https://www.unlockias.in/cds-2020-ii-general-knowledge,https://www.unlockias.in/cds-2020-ii-general-knowledge/q75-one-statements-regard-appointment-members-parliamentary-committees,D,"Correct: D, The Members are appointed or elected on a motion made and adopted or nominated by the Speaker of the Lok Sabha or the Chairman of the Rajya Sabha. It is the only option that admits more than one route, and more than one route is what actually exists. Some committees are elected by the House: the Committee on Estimates has thirty members elected every year by the Lok Sabha, and the Public Accounts Committee and the Committee on Public Undertakings are likewise elected, from both Houses. Others are nominated: each department-related standing committee has twenty-one members nominated by the Speaker from the Lok Sabha and ten nominated by the Chairman from the Rajya Sabha. Ad hoc bodies such as select and joint committees on Bills are constituted on a motion adopted by the House. Since all three methods are in use, only an option that names all three can be correct.",UnlockIAS_2026-10-09,"[""Indian Polity""]",,4c8b8bbf4723655d1125d4942d533fec73fff0c490ece5031775be49eb2729b9
CDS_2020_II_GK,CDS_II_2020_GK_076,CDS,2020,II,General Knowledge,76,Which one of the following is not a classified category of political parties as outlined by the Election Commission of India?,National Parties,State Recognised Parties,Regional Parties,Registered Unrecognised Parties,C,TRUSTED_SECONDARY,https://www.unlockias.in/cds-2020-ii-general-knowledge,https://www.unlockias.in/cds-2020-ii-general-knowledge/q76-one-classified-category-political-parties-outlined-election,C,"Correct: C, Regional Parties. The Election Commission works with three categories and only three: national parties, State parties (which the paper calls State recognised parties) and registered unrecognised parties. 'Regional party' is ordinary political vocabulary, not a category the Commission maintains. A party that is strong in one State is recognised as a State party, and the recognition brings a reserved symbol in that State, free broadcast time and other facilities; the word regional appears nowhere in the recognition rules. Registration is a separate thing from recognition: any party may register with the Commission under section 29A of the Representation of the People Act 1951, and a registered party that has not yet met the vote-and-seat thresholds stays in the third category.",UnlockIAS_2026-10-09,"[""Indian Polity""]",,e49f99389af66070de93624582eed77fdb40131a6528744648f1213c3f46f31b
CDS_2020_II_GK,CDS_II_2020_GK_077,CDS,2020,II,General Knowledge,77,"Which of the following terms were added to the Preamble of the Constitution of India by the Constitutional Amendment, 1976? 1. Socialist 2. Secular 3. Integrity 4. Fraternity Select the correct answer using the code given below.",1 and 2 only,"1, 2 and 3",2 and 4,"1, 3 and 4",B,TRUSTED_SECONDARY,https://www.unlockias.in/cds-2020-ii-general-knowledge,https://www.unlockias.in/cds-2020-ii-general-knowledge/q77-terms-added-preamble-constitution-india-constitutional-amendment,B,"Correct: B, 1, 2 and 3. The Constitution (Forty-second Amendment) Act, 1976 made exactly two changes to the Preamble, and between them they introduced three words. Section 2 of the Act substituted 'SOVEREIGN SOCIALIST SECULAR DEMOCRATIC REPUBLIC' for 'SOVEREIGN DEMOCRATIC REPUBLIC', which brings in socialist and secular; and it substituted 'unity and integrity of the Nation' for 'unity of the Nation', which brings in integrity. Fraternity was never added, because it was there from the start: the original Preamble adopted on 26 November 1949 already promised 'to promote among them all FRATERNITY assuring the dignity of the individual and the unity of the Nation'. So statements 1, 2 and 3 are the additions and statement 4 is the one that was always present.",UnlockIAS_2026-10-09,"[""Indian Polity""]",,dc93fb905c497a6e68220ecaa43222619dee72fd244152f485872a4649dcef2a
CDS_2020_II_GK,CDS_II_2020_GK_078,CDS,2020,II,General Knowledge,78,Who among the following was the advisor to the Constituent Assembly?,B. N. Rau,B. R. Ambedkar,Pattabhi Sitaramayya,Alladi Krishnaswamy,A,TRUSTED_SECONDARY,https://www.unlockias.in/cds-2020-ii-general-knowledge,https://www.unlockias.in/cds-2020-ii-general-knowledge/q78-among-advisor-constituent-assembly,A,"Correct: A, B. N. Rau. Benegal Narsing Rau was appointed Constitutional Adviser to the Constituent Assembly in 1946: a civil servant and judge brought in for his expertise, not an elected member. In 1946 he travelled to the United States, Canada, Ireland and the United Kingdom to consult constitutional scholars and judges, including Justice Felix Frankfurter, and in October 1947 he produced the first full draft of a constitution. That draft became the working document from which the Drafting Committee proceeded. Ambedkar himself put it plainly, saying that the credit given to him belonged partly to Sir B. N. Rau, the Constitutional Adviser to the Constituent Assembly, who prepared a rough draft of the Constitution for the consideration of the Drafting Committee.",UnlockIAS_2026-10-09,"[""Indian Polity""]",,bba790b60a480293701bd74621727b505a4880662e294fef6fe7f7fa66699ffa
CDS_2020_II_GK,CDS_II_2020_GK_079,CDS,2020,II,General Knowledge,79,"In the Indian judicial system, writs are issued by",the Supreme Court only,the High Courts only,the Supreme Court and High Courts only,"the Supreme Court, High Courts and Lower Courts",C,TRUSTED_SECONDARY,https://www.unlockias.in/cds-2020-ii-general-knowledge,https://www.unlockias.in/cds-2020-ii-general-knowledge/q79-indian-judicial-system-writs-issued,C,"Correct: C, the Supreme Court and High Courts only. The power to issue writs is conferred by two articles and by no others. Article 32 lets the Supreme Court issue directions, orders or writs (habeas corpus, mandamus, prohibition, quo warranto and certiorari) for the enforcement of Fundamental Rights, and the right to move the Court under it is itself a Fundamental Right. Article 226 gives every High Court a wider power: it may issue the same writs for the enforcement of Fundamental Rights and 'for any other purpose', which means for the enforcement of ordinary legal rights as well. Subordinate courts have no such jurisdiction. They exercise only the powers a statute gives them, and no statute confers the writ jurisdiction, which is why option (d) fails.",UnlockIAS_2026-10-09,"[""Indian Polity""]",,eca8adecc5821d48b98eb7f4363cdb23136adce684a326902762f09b486a591f
CDS_2020_II_GK,CDS_II_2020_GK_080,CDS,2020,II,General Knowledge,80,The Citizenship (Amendment) Act falls under which one of the following Parts of the Constitution of India?,Part I,Part II,Part IV,Part VI,B,TRUSTED_SECONDARY,https://www.unlockias.in/cds-2020-ii-general-knowledge,https://www.unlockias.in/cds-2020-ii-general-knowledge/q80-citizenship-amendment-act-falls-under-one-parts,B,"Correct: B, Part II. Citizenship is dealt with in Part II of the Constitution, Articles 5 to 11. Articles 5 to 10 settled who was a citizen at the commencement of the Constitution on 26 January 1950, including the special provisions for those who migrated to and from Pakistan. Article 11 then gives Parliament the power to make any provision with respect to the acquisition and termination of citizenship and all other matters relating to it. The Citizenship Act, 1955 was enacted under that power, and every amendment to it (including the Citizenship (Amendment) Act) is legislation traceable to Article 11, which sits in Part II. So the Part in which the subject is located is Part II.",UnlockIAS_2026-10-09,"[""Indian Polity""]",,84b001fe5abd41c9392aed7fd3d0be60e00499209d3e0dcdd28366af15af17fb
CDS_2020_II_GK,CDS_II_2020_GK_081,CDS,2020,II,General Knowledge,81,Recently a rare kind of yellow turtle was discovered in India. The State in which it was seen is,Uttarakhand,Odisha,Tamil Nadu,Arunachal Pradesh,B,TRUSTED_SECONDARY,https://www.unlockias.in/cds-2020-ii-general-knowledge,https://www.unlockias.in/cds-2020-ii-general-knowledge/q81-recently-rare-kind-yellow-turtle-discovered-india,B,"Correct: B, Odisha. In July 2020 a farmer named Basudev Mahapatra found an entirely yellow turtle while working in his fields at Sujanpur village in the Soro block of Balasore district, Odisha, and handed it to the forest department. It was an Indian flapshell turtle, Lissemys punctata, a common freshwater species, but this one had a yellow shell, a yellow body and pink eyes. Siddhartha Pati of the Association for Biodiversity Conservation identified the cause as albinism, a congenital condition marked by the complete or partial absence of the pigment tyrosine, and the pink eyes are the giveaway, since without pigment the blood vessels of the eye show through. He described it as the first such find in Odisha and the second in India. The turtle was released back into the wild, and the CNN report of 21 July 2020 carried the story worldwide, which is what put it in a November 2020 exam.",UnlockIAS_2026-10-09,"[""Environment & Ecology""]",,c036c4429dbd10fa00b461bd31e8b2e791f23a8bb7628b87c2203dd2118da082
CDS_2020_II_GK,CDS_II_2020_GK_082,CDS,2020,II,General Knowledge,82,ASEEM is,Aatmanirbhar Skilled Employee Employer Measurement,Aatmanirbhar Skilled Employee Employer Mapping,Aatmanirbhar Skilled Employee Enterprises Medium,Automatic Skilled Employee Employer Mission,B,TRUSTED_SECONDARY,https://www.unlockias.in/cds-2020-ii-general-knowledge,https://www.unlockias.in/cds-2020-ii-general-knowledge/q82-aseem,B,"Correct: B, Aatmanirbhar Skilled Employee Employer Mapping. ASEEM was launched by the Ministry of Skill Development and Entrepreneurship in July 2020 as an artificial-intelligence-driven platform to match skilled workers with employers who need them. The word that decides the answer is mapping: the whole point of the portal is to map supply against demand in real time, by State, district, sector and job role, rather than to measure anything or to run a mission. It was built and is run by the National Skill Development Corporation with a Bengaluru firm, and it has three faces: an app through which a candidate finds work nearby, a demand-and-campaign system through which an employer forecasts and posts requirements, and a dashboard that turns the traffic into analytics. It came at the moment it did because the COVID-19 lockdown had sent millions of migrant workers home and nobody knew where the skills now were.",UnlockIAS_2026-10-09,"[""Current Affairs""]",,34d95c52405b66a7a9a6367f5cb4547ed74744c0e50e0e189ccc0c6bc5c6fa5f
CDS_2020_II_GK,CDS_II_2020_GK_083,CDS,2020,II,General Knowledge,83,The Government of India programme regarding ‘Stay in India and Study in India’ is initiated by,the Ministry of Youth Affairs and Sports,the Ministry of Culture,the Ministry of Education,the Ministry of Tourism,C,TRUSTED_SECONDARY,https://www.unlockias.in/cds-2020-ii-general-knowledge,https://www.unlockias.in/cds-2020-ii-general-knowledge/q83-government-india-programme-regarding-stay-india-study,C,"Correct: C, the Ministry of Education. Study in India is the higher-education programme launched through its portal on 18 April 2018 to attract foreign students to Indian institutions, and it belongs to the ministry that runs higher education. That ministry was called the Ministry of Human Resource Development when the programme began and was renamed the Ministry of Education in July 2020, a few months before this paper was set, which is why the option reads as it does. The Stay in India strand was added in 2020 under the same ministry, when the pandemic stranded students who had gone abroad and made others drop their plans to go; the minister, Ramesh Pokhriyal 'Nishank', convened the discussions on retaining them, and a committee under the chairman of the University Grants Commission was set up on the question. Education, not culture or tourism or sport, is the portfolio.",UnlockIAS_2026-10-09,"[""Current Affairs""]",,970bce04d0315ce04cf514e51cb21b512325a3a9496fb17c8d46df30a7db6740
CDS_2020_II_GK,CDS_II_2020_GK_084,CDS,2020,II,General Knowledge,84,Which one of the following lakes in India has a large quantity of a substance found in the Moon?,"Lonar Lake, Maharashtra","Pangong Lake, Ladakh","Chilika Lake, Odisha","Loktak Lake, Manipur",A,TRUSTED_SECONDARY,https://www.unlockias.in/cds-2020-ii-general-knowledge,https://www.unlockias.in/cds-2020-ii-general-knowledge/q84-one-lakes-india-large-quantity-substance-found,A,"Correct: A, Lonar Lake, Maharashtra. Lonar sits inside a meteorite impact crater blasted out of the Deccan basalt in Buldhana district, and the shock of that impact turned some of the rock's plagioclase feldspar into maskelynite, a natural glass that forms only under the enormous pressures of a hypervelocity impact. Maskelynite is found in Moon rocks and in meteorites, which is exactly why the lake is described as holding a substance found on the Moon; a 2019 study from IIT Bombay reported that the minerals in the lake soil closely resemble those in the samples the Apollo missions brought back. The crater has a mean diameter of about 1.2 km, the lake lies roughly 137 m below the rim, and the age is put at about 576,000 years.",UnlockIAS_2026-10-09,"[""Geography""]",,626adf36c30f6f049ec46c57045bd3a23fec6514231774ec170629a867482a43
CDS_2020_II_GK,CDS_II_2020_GK_085,CDS,2020,II,General Knowledge,85,The Pragyan rover installed in Chandrayaan-2 mission had how many wheels?,2,3,4,6,D,TRUSTED_SECONDARY,https://www.unlockias.in/cds-2020-ii-general-knowledge,https://www.unlockias.in/cds-2020-ii-general-knowledge/q85-pragyan-rover-installed-chandrayaan-mission-many-wheels,D,"Correct: D, 6. Pragyan, the rover carried by Chandrayaan-2, ran on six wheels. It was a small machine: about 27 kg, drawing 50 watts from a solar panel, moving at roughly one centimetre a second with a planned range of 500 metres, and designed to work for a single lunar day of about fourteen Earth days, since its electronics could not survive the lunar night. Six wheels is the standard configuration for a planetary rover because a six-wheel rocker-bogie suspension keeps every wheel on the ground over rough, loose regolith and lets the vehicle climb obstacles taller than a wheel without tipping. Pragyan never rolled, however: the Vikram lander deviated from its descent path and crashed on 6 September 2019, destroying the rover with it. The orbiter, the third element of the mission, survived and continues to work.",UnlockIAS_2026-10-09,"[""Science & Technology""]",,984376d4addac0d5810e95a5109453a66d465de772aba4da5d671a87e08a2cd0
CDS_2020_II_GK,CDS_II_2020_GK_086,CDS,2020,II,General Knowledge,86,"If the linear momentum of a moving object gets doubled due to application of a force, then its kinetic energy will",remain same,increase by four times,increase by two times,increase by eight times,B,TRUSTED_SECONDARY,https://www.unlockias.in/cds-2020-ii-general-knowledge,https://www.unlockias.in/cds-2020-ii-general-knowledge/q86-linear-momentum-moving-object-gets-doubled-due,B,"Correct: B, increase by four times. Write both quantities for a body of mass m moving at speed v. Momentum is p = mv and kinetic energy is E = mv²/2, so eliminating v gives E = p²/2m. Kinetic energy therefore goes as the square of momentum for a fixed mass. Double p and E rises by a factor of 2² = 4. The same result falls out arithmetically: if momentum doubles at constant mass, the speed must double, and since energy depends on v², doubling v multiplies the energy by four. Take a 10 kg body at 10 m/s, where p = 100 kg m/s and E = 500 J; at 20 m/s the momentum is 200 kg m/s and the energy is 2,000 J: momentum twice as large, energy four times as large.",UnlockIAS_2026-10-09,"[""Science & Technology""]",,ec2ca443584d5efcf5dd268e092b7d8e50c04af238ceffe2c41767ee878ce936
CDS_2020_II_GK,CDS_II_2020_GK_087,CDS,2020,II,General Knowledge,87,"If the distance between two objects is increased by two times, the gravitational force between them will",remain same,increase by two times,decrease by two times,decrease by four times,D,TRUSTED_SECONDARY,https://www.unlockias.in/cds-2020-ii-general-knowledge,https://www.unlockias.in/cds-2020-ii-general-knowledge/q87-distance-between-two-objects-increased-two-times,D,"Correct: D, decrease by four times. Newton's law of gravitation gives F = Gm₁m₂/r², so the force falls as the square of the separation. Increase r by a factor of two and the denominator grows by 2² = 4, so F becomes one-quarter of what it was. The paper's phrase 'decrease by four times' is loose English for 'become one-fourth', and it is the intended reading; the same key would be expressed in a physics text as F' = F/4. Note that the masses do not enter the change at all, since neither of them alters: only the distance does, and the inverse-square dependence does the rest.",UnlockIAS_2026-10-09,"[""Science & Technology""]",,dd8b975263fa1f223cf4b9e437681c7b306c78e6ceb0988d7b9100e9e66ddec9
CDS_2020_II_GK,CDS_II_2020_GK_088,CDS,2020,II,General Knowledge,88,Which one of the following statements about the properties of neutrons is not correct?,Neutron mass is almost equal to proton mass.,Neutrons possess zero charge.,Neutrons are located inside the atomic nuclei.,Neutrons revolve around the atomic nuclei.,D,TRUSTED_SECONDARY,https://www.unlockias.in/cds-2020-ii-general-knowledge,https://www.unlockias.in/cds-2020-ii-general-knowledge/q88-one-statements-about-properties-neutrons-correct,D,"Correct: D, Neutrons revolve around the atomic nuclei. That is the false statement, and it is false because it describes electrons. In the nuclear model of the atom the protons and neutrons are packed together in the nucleus, and only the electrons occupy the space around it. Nothing revolves around the nucleus except electrons, and the nucleus is not orbited by any part of itself. The other three statements are all sound. A neutron's mass is very close to a proton's: 1.675 × 10⁻²⁷ kg against 1.673 × 10⁻²⁷ kg, both roughly one atomic mass unit and about 1,836 times the mass of an electron. The neutron is electrically neutral, which is where its name comes from. And it sits inside the nucleus, which is what makes the mass number the sum of protons and neutrons.",UnlockIAS_2026-10-09,"[""Science & Technology""]",,7ce1463619b0cab9bb29d2f3eb18b0a4902ac76deb7179248e86d9d3c81d2e71
CDS_2020_II_GK,CDS_II_2020_GK_089,CDS,2020,II,General Knowledge,89,Which one of the following statements with regard to the ultraviolet light is not correct?,It is an electromagnetic wave.,It can travel through vacuum.,It is a longitudinal wave.,Its wavelength is shorter/smaller than that of visible light.,C,TRUSTED_SECONDARY,https://www.unlockias.in/cds-2020-ii-general-knowledge,https://www.unlockias.in/cds-2020-ii-general-knowledge/q89-one-statements-regard-ultraviolet-light-correct,C,"Correct: C, It is a longitudinal wave. Ultraviolet light is transverse , not longitudinal, and that is the false statement the stem is hunting for. In an electromagnetic wave the oscillating electric and magnetic fields are at right angles to each other and both are at right angles to the direction of travel, which is the definition of a transverse wave. A longitudinal wave oscillates along the direction of travel, and sound in air is the standard example. The other three statements hold. Ultraviolet is part of the electromagnetic spectrum; because the oscillation is of fields rather than matter it needs no medium and crosses vacuum at 3 × 10⁸ m/s; and it lies just beyond the violet end of visible light, with wavelengths shorter than about 400 nanometres.",UnlockIAS_2026-10-09,"[""Science & Technology""]",,3b241c7a35a4f94c55b98394dad988f2ec04e1990d9c0bc278a39b1363b4bc45
CDS_2020_II_GK,CDS_II_2020_GK_090,CDS,2020,II,General Knowledge,90,"If the speed of light in air is represented by c and the speed in a medium is v, then the refractive index of the medium can be calculated using the formula",v/c,c/v,c/(2.v),(c − v)/c,B,TRUSTED_SECONDARY,https://www.unlockias.in/cds-2020-ii-general-knowledge,https://www.unlockias.in/cds-2020-ii-general-knowledge/q90-speed-light-air-represented-speed-medium-then,B,"Correct: B, c/v. The absolute refractive index of a medium is defined as the speed of light in vacuum, taken as c and treated as the speed in air for practical purposes, divided by the speed of light in that medium, so n = c/v. Since light always slows down on entering a denser medium, v is smaller than c and the ratio comes out greater than one, which is what every real refractive index is: about 1.33 for water, 1.5 for ordinary glass, 2.42 for diamond. The formula also runs backwards: with n = 3/2 and c = 3 × 10⁸ m/s, the speed in the medium is v = c/n = 2 × 10⁸ m/s.",UnlockIAS_2026-10-09,"[""Science & Technology""]",,f92530f62cf1e3315e7c1241e60a7f5a38a79265951001a6b9e3ed4cd47dffde
CDS_2020_II_GK,CDS_II_2020_GK_091,CDS,2020,II,General Knowledge,91,"Under the Kingdom Plantae, which of the following individuals are predominantly aquatic?",Bryophytes,Algae,Pteridophyta,Gymnosperms,B,TRUSTED_SECONDARY,https://www.unlockias.in/cds-2020-ii-general-knowledge,https://www.unlockias.in/cds-2020-ii-general-knowledge/q91-under-kingdom-plantae-individuals-predominantly-aquatic,B,"Correct: B, Algae. In the school classification of the plant kingdom the four divisions run Thallophyta (algae), Bryophyta, Pteridophyta and the seed plants, and only the first of them lives mainly in water. Algae have no roots, stems, leaves or vascular tissue, so nothing in their body is built to lift water against gravity or to stop it escaping; the whole thallus simply sits in the medium and absorbs from it. That works only where the medium is water, which is why algae fill ponds, lakes, rock pools, the rice-field film and the sunlit layer of the sea, from single-celled Chlamydomonas through filamentous Spirogyra and Ulothrix to the large marine kelps. Each of the other three divisions has moved on to land.",UnlockIAS_2026-10-09,"[""Science & Technology""]",,9e2d3109d6abdb4962326a2548f95c0bb2509bbfe357555c8d69e94b3bccd14d
CDS_2020_II_GK,CDS_II_2020_GK_092,CDS,2020,II,General Knowledge,92,"All the individuals of a particular organism, such as rose plants, belong to a taxonomic category called",species,genus,family,order,A,TRUSTED_SECONDARY,https://www.unlockias.in/cds-2020-ii-general-knowledge,https://www.unlockias.in/cds-2020-ii-general-knowledge/q92-all-individuals-particular-organism-such-rose-plants,A,"Correct: A, species. Species is the basic and lowest unit of the taxonomic hierarchy, and it is the only rank that gathers individuals rather than groups. A species is the set of organisms that share the same fundamental features and interbreed among themselves to produce fertile offspring. Every level above it (genus, family, order, class, phylum, kingdom) is a container for lower groups, not for individuals. So the moment the stem says 'all the individuals of a particular organism', the answer has to be the bottom rung.",UnlockIAS_2026-10-09,"[""Science & Technology""]",,92d40b4ead4000de9a6ec7a11c8a108e604ce5edcaaa71cd524fa36544e962ce
CDS_2020_II_GK,CDS_II_2020_GK_093,CDS,2020,II,General Knowledge,93,Pearls are harvested from,Prawn,Pila,Tuna,Oyster,D,TRUSTED_SECONDARY,https://www.unlockias.in/cds-2020-ii-general-knowledge,https://www.unlockias.in/cds-2020-ii-general-knowledge/q93-pearls-harvested,D,"Correct: D, Oyster. A pearl is made by the animal itself, not found lying in the shell. When a grain of sand, a parasite or a fragment of tissue lodges between the mantle and the shell, the mollusc walls the intruder off: the mantle forms a pearl sac around it and lays down coat after coat of the same material it uses to line its own shell: calcium carbonate as aragonite, cemented by a protein called conchiolin. That layered material is nacre, or mother-of-pearl, and enough concentric coats of it make a pearl. Only an animal that secretes nacre can do this, which rules out every option except the bivalve. Commercially the work is done by pearl oysters of the genus Pinctada in the sea and by freshwater mussels in rivers and lakes; India's classical pearl fishery was in the Gulf of Mannar off the Tamil Nadu coast.",UnlockIAS_2026-10-09,"[""Science & Technology""]",,68b2811867731f5fa7f911139b2ea01fee09045a2e9b26d1448b9a25f015264d
CDS_2020_II_GK,CDS_II_2020_GK_094,CDS,2020,II,General Knowledge,94,Wings of birds and bats are considered analogous structures because they have,common origin and common function,different origin and common function,common origin and different function,different origin and different function,B,TRUSTED_SECONDARY,https://www.unlockias.in/cds-2020-ii-general-knowledge,https://www.unlockias.in/cds-2020-ii-general-knowledge/q94-wings-birds-bats-considered-analogous-structures-because,B,"Correct: B, different origin and common function. That pair of words is the definition of an analogous structure: same job, separately arrived at. A bird's wing is a flight surface made of feathers carried on a much-reduced hand; a bat's wing is a sheet of skin, the patagium, stretched between four enormously elongated fingers. The two are built from different tissue on a different skeletal plan and appeared independently in two lineages that were already separate before either could fly, so they were not inherited from a common winged ancestor. What they share is the task (generating lift) and similar physics pushed similar shapes out of very different starting material. That is convergent evolution, and the structures it produces are analogous.",UnlockIAS_2026-10-09,"[""Science & Technology""]",,d702b0778ae0e436eb04b02959ea687a9f13122b5df0ba167521c809e44bb5f6
CDS_2020_II_GK,CDS_II_2020_GK_095,CDS,2020,II,General Knowledge,95,"Apart from hyper acid secretion, peptic ulcers are also developed due to bacterial infection. The causative agent is",Helicobacter pylori,E. coli,Streptococcus pneumoniae,Salmonella typhimurium,A,TRUSTED_SECONDARY,https://www.unlockias.in/cds-2020-ii-general-knowledge,https://www.unlockias.in/cds-2020-ii-general-knowledge/q95-apart-hyper-acid-secretion-peptic-ulcers-also,A,"Correct: A, Helicobacter pylori. It is the one organism on the list that can live in the stomach at all. H. pylori is a spiral, gram-negative bacterium that burrows into the mucus layer over the gastric lining and neutralises the acid immediately around itself by producing large amounts of urease, an enzyme that splits urea into ammonia and bicarbonate. Sheltered there, it provokes a long-running inflammation that thins the mucosal defence and lets acid and pepsin dig into the wall: an ulcer. The discovery overturned the old teaching that ulcers were a disease of stress and spicy food, and it turned a chronic surgical problem into something curable with a week or two of antibiotics plus an acid suppressor. Barry Marshall and Robin Warren, who identified the organism and its role, received the Nobel Prize in Physiology or Medicine in 2005.",UnlockIAS_2026-10-09,"[""Science & Technology""]",,74a0cf7ce35c37754371114fea60858ef0b73e09cbe9ce8b03f4493ce66bda7e
CDS_2020_II_GK,CDS_II_2020_GK_096,CDS,2020,II,General Knowledge,96,A mixture of sodium chloride (salt) and ammonium chloride can be separated by,sublimation,filtration,chromatography,distillation,A,TRUSTED_SECONDARY,https://www.unlockias.in/cds-2020-ii-general-knowledge,https://www.unlockias.in/cds-2020-ii-general-knowledge/q96-mixture-sodium-chloride-salt-ammonium-chloride-separated,A,"Correct: A, sublimation. The two solids differ in exactly one useful way: ammonium chloride passes straight from solid to vapour on gentle heating, while sodium chloride does not melt until about 801 degrees Celsius and stays put. Warm the mixture in a china dish under an inverted funnel and the ammonium chloride leaves as vapour and re-forms as a white solid on the cool funnel wall; the sodium chloride is left behind in the dish. Both components are recovered pure and neither is dissolved in anything. Every school laboratory sublimation demonstration is built on one of a short list of solids that behave this way (ammonium chloride, camphor, iodine, naphthalene and anthracene) and this item simply pairs one of them with a salt that does not.",UnlockIAS_2026-10-09,"[""Science & Technology""]",,81cc362057e8cfce4711c91e8c837a2ca3bcb07abeebf7e0a09439d778e5050b
CDS_2020_II_GK,CDS_II_2020_GK_097,CDS,2020,II,General Knowledge,97,Symbol of element was introduced by,John Dalton,Antoine Lavoisier,Jöns Jacob Berzelius,Robert Boyle,C,TRUSTED_SECONDARY,https://www.unlockias.in/cds-2020-ii-general-knowledge,https://www.unlockias.in/cds-2020-ii-general-knowledge/q97-symbol-element-introduced,C,"Correct: C, Jöns Jacob Berzelius. The symbols chemistry actually uses, one or two letters from the element's name with the first capitalised and the second small, were introduced by the Swedish chemist Berzelius in 1814. His system gives us H, O, Na for natrium, K for kalium, Fe for ferrum and Ag for argentum, and it let a formula be written in a line of ordinary type and read anywhere. The scheme it replaced was Dalton's: circles filled with dots, bars and letters, one picture per element. Dalton's symbols carried quantitative meaning, each standing for one atom of a definite mass, but they had to be drawn rather than typed and became unusable as the list of known elements lengthened. Berzelius kept Dalton's idea that a symbol denotes a definite quantity of the element and threw away the pictures.",UnlockIAS_2026-10-09,"[""Science & Technology""]",,5f045ad806ee423314962aa72dca6af9dc39197af2e30251e19abd71ffda3e50
CDS_2020_II_GK,CDS_II_2020_GK_098,CDS,2020,II,General Knowledge,98,Identify the correct pair of elements among the following which are liquid at room temperature and standard pressure.,Bromine and fluorine,Mercury and rubidium,Bromine and thallium,Bromine and mercury,D,TRUSTED_SECONDARY,https://www.unlockias.in/cds-2020-ii-general-knowledge,https://www.unlockias.in/cds-2020-ii-general-knowledge/q98-identify-correct-pair-elements-among-liquid-room,D,"Correct: D, Bromine and mercury. Of the hundred-odd elements, only two are liquid at ordinary room temperature and one atmosphere, and they sit at opposite ends of the periodic table. Mercury is the metal: its melting point is about minus 39 degrees Celsius, low enough that it pours at room temperature, which is why it filled thermometers and barometers for centuries. Bromine is the non-metal, the only halogen and the only non-metal that is liquid under these conditions, melting at about minus 7 degrees Celsius and boiling at about 59, so at 25 degrees it is a dense, fuming liquid. Every other element on Earth's surface is either a solid or a gas at 25 degrees, and each of the three wrong options works by pairing bromine or mercury with something that is not.",UnlockIAS_2026-10-09,"[""Science & Technology""]",,e85426fe9da3bdb89d5fd5fa7fc77abdd87e377ea4ba94a60b3dcac6d97669d6
CDS_2020_II_GK,CDS_II_2020_GK_099,CDS,2020,II,General Knowledge,99,Which one of the following oxides shows both acidic and basic behaviour?,Zinc oxide,Copper oxide,Magnesium oxide,Calcium oxide,A,TRUSTED_SECONDARY,https://www.unlockias.in/cds-2020-ii-general-knowledge,https://www.unlockias.in/cds-2020-ii-general-knowledge/q99-one-oxides-shows-both-acidic-basic-behaviour,A,"Correct: A, Zinc oxide. An oxide that reacts with acids and with bases alike, giving a salt and water in both cases, is called amphoteric, and zinc oxide is one of the two examples every school chemistry course names: the other being aluminium oxide. With hydrochloric acid it behaves as a base: ZnO + 2HCl gives zinc chloride and water. With sodium hydroxide it behaves as an acid: ZnO + 2NaOH gives sodium zincate and water. The other three oxides on the list are oxides of metals that sit well above zinc in reactivity and are basic only: they neutralise acids and do nothing with alkalis. The textbook statement is explicit that aluminium oxide and zinc oxide show both acidic and basic behaviour, which is the sentence this stem is built on.",UnlockIAS_2026-10-09,"[""Science & Technology""]",,17fc86f8bcc782906d739b65fb6a4fe76bb97c51fd7478f13c56737f76cfcd0e
CDS_2020_II_GK,CDS_II_2020_GK_100,CDS,2020,II,General Knowledge,100,Silver articles turn black when kept in the open for longer time due to the formation of,H₂S,AgS,AgSO₄,Ag₂S,D,TRUSTED_SECONDARY,https://www.unlockias.in/cds-2020-ii-general-knowledge,https://www.unlockias.in/cds-2020-ii-general-knowledge/q100-silver-articles-turn-black-kept-open-longer,D,"Correct: D, Ag₂S. Silver does not rust and does not react with the oxygen of the air, but it does react with sulphur and with sulphur compounds, and ordinary air carries traces of hydrogen sulphide. The two combine to give silver sulphide, a dense black solid, and it is the thin film of Ag₂S that dulls a silver spoon or an idol left out for months. The formula follows straight from valency: silver is univalent and sulphide is divalent, so two silver atoms are needed for each sulphur and the compound must be Ag₂S. This is tarnishing, a form of corrosion and a chemical change, since a new substance has been produced. The coating is self-limiting (once formed, it shields the metal underneath) which is why an old silver article goes black but does not crumble away.",UnlockIAS_2026-10-09,"[""Chemistry""]",,77a238d8db6f2bfa2343fef6e4e1ca0f855b60f4cb3132ccfc872e9e25bbe662
CDS_2020_II_GK,CDS_II_2020_GK_101,CDS,2020,II,General Knowledge,101,Which of the following lenses will bend the light rays through largest angle?,Lens with power +2·0 D,Lens with power +2·5 D,Lens with power –1·5 D,Lens with power –2·0 D,B,TRUSTED_SECONDARY,https://www.unlockias.in/cds-2020-ii-general-knowledge,https://www.unlockias.in/cds-2020-ii-general-knowledge/q101-lenses-bend-light-rays-through-largest-angle,B,"Correct: B, Lens with power +2·5 D. The power of a lens is defined as the reciprocal of its focal length in metres, P = 1/f, and it is precisely a measure of how sharply the lens bends light. A large power means a short focal length, and a short focal length means a ray parallel to the axis is turned through a large angle before it reaches the focus. The sign only records the direction of the bending (plus for a converging lens that pulls rays together, minus for a diverging lens that pushes them apart) so the amount of bending is set by the magnitude alone. The four magnitudes here are 2·0, 2·5, 1·5 and 2·0 dioptres, and 2·5 is the largest. Its focal length is 1/2·5 = 0·4 m, or 40 cm, the shortest of the four, so it deviates the light most.",UnlockIAS_2026-10-09,"[""Science & Technology""]",,fdea5fca4012c46a1739600282e151475c1d5253b539430cef665b2b2c6503c6
CDS_2020_II_GK,CDS_II_2020_GK_102,CDS,2020,II,General Knowledge,102,A luminous object is placed at a distance of 40 cm from a converging lens of focal length 25 cm. The image obtained in the screen is,erect and magnified,erect and smaller,inverted and magnified,inverted and smaller,C,TRUSTED_SECONDARY,https://www.unlockias.in/cds-2020-ii-general-knowledge,https://www.unlockias.in/cds-2020-ii-general-knowledge/q102-luminous-object-placed-distance-converging-lens-focal,C,"Correct: C, inverted and magnified. Use the lens formula with the usual sign convention: the object is on the incoming side, so u = −40 cm, and the lens converges, so f = +25 cm. From 1/v − 1/u = 1/f, 1/v = 1/25 + 1/(−40) = 8/200 − 5/200 = 3/200, giving v = +200/3 ≈ 66·7 cm. A positive v means the image forms on the far side of the lens and is real , which fits the stem's image caught on a screen. The magnification is m = v/u = 66·7/(−40) ≈ −1·67: the minus sign says inverted, and 1·67 says larger than the object. The qualitative check agrees: 40 cm lies between f and 2f (between 25 cm and 50 cm), and an object there always gives a real, inverted, enlarged image beyond 2f on the other side.",UnlockIAS_2026-10-09,"[""Science & Technology""]",,e14e8f7029d70bd5923137c89bcd056be87c8e838a555ac6c634f253040cf757
CDS_2020_II_GK,CDS_II_2020_GK_103,CDS,2020,II,General Knowledge,103,"When a light ray enters into glass medium from water at an angle of incidence 0°, what would be the angle of refraction?",90°,45°,0°,The ray will not enter at all,C,TRUSTED_SECONDARY,https://www.unlockias.in/cds-2020-ii-general-knowledge,https://www.unlockias.in/cds-2020-ii-general-knowledge/q103-light-ray-enters-glass-medium-water-angle,C,"Correct: C, 0°. An angle of incidence of zero means the ray strikes the boundary along the normal: head on, perpendicular to the surface. Snell's law gives the answer immediately: n₁ sin i = n₂ sin r, and with i = 0 the left-hand side is zero, so sin r must be zero and r = 0. Physically, refraction is a sideways swing produced because one edge of a wavefront enters the new medium before the other and slows down first. When the wavefront meets the surface square on, every part of it crosses at the same instant and slows by the same factor together, so there is nothing to turn the ray. The light does slow down on entering the glass (its speed and wavelength change and its frequency does not) but it carries straight on without bending. This holds for any pair of media in either direction, water to glass or glass to water alike.",UnlockIAS_2026-10-09,"[""Science & Technology""]",,04b6cc853be938f98d5ecc28597dde7353496af715fe7b4889bca71b11145c28
CDS_2020_II_GK,CDS_II_2020_GK_104,CDS,2020,II,General Knowledge,104,Which one of the following phenomena verifies the fact that light travels much faster than sound?,Twinkling of stars in night sky,Lighting of a matchstick,Thunderstorm,Mirage,C,TRUSTED_SECONDARY,https://www.unlockias.in/cds-2020-ii-general-knowledge,https://www.unlockias.in/cds-2020-ii-general-knowledge/q104-one-phenomena-verifies-fact-light-travels-much,C,"Correct: C, Thunderstorm. A lightning flash and the thunder that follows it are produced by the same event at the same instant (the sudden heating of a channel of air by the discharge) so any delay between seeing and hearing must come from the journey, not from the source. Light covers the few kilometres from cloud to observer in a few millionths of a second, effectively instantaneously; sound, travelling at roughly 330 to 344 metres per second in air, needs about three seconds for every kilometre. That is why the flash arrives first and the rumble follows, and why counting the seconds between them and dividing by three gives a rough distance to the strike in kilometres. No other option on the list involves two signals from one event racing each other, which is what a comparison of speeds requires.",UnlockIAS_2026-10-09,"[""Science & Technology""]",,aea24c38579c0652540a84c6217ce326357e87b1bfa601020f599b2158b1b046
CDS_2020_II_GK,CDS_II_2020_GK_105,CDS,2020,II,General Knowledge,105,Which one of the following combinations of source and screen would produce sharpest shadow of an opaque object?,A point source and an opaque screen,An extended source and an opaque screen,A point source and a transparent screen,An extended source and a transparent screen,A,TRUSTED_SECONDARY,https://www.unlockias.in/cds-2020-ii-general-knowledge,https://www.unlockias.in/cds-2020-ii-general-knowledge/q105-one-combinations-source-screen-produce-sharpest-shadow,A,"Correct: A, A point source and an opaque screen. Two separate conditions have to be met, and only this option meets both. The source must be a point, because every point of a source casts its own shadow of the object; with a source of finite size those shadows are displaced from one another and their overlap produces a soft grey fringe, the penumbra, around the fully dark umbra. Shrink the source to a point and there is only one shadow, so the boundary is a clean edge with no penumbra at all. The screen must be opaque, because a screen shows an image only if it stops the light that reaches it: light passing through a transparent screen is not scattered back to the eye, so there is nothing to see the pattern of light and dark on. Put the two together and a point source with an opaque screen gives the sharpest shadow.",UnlockIAS_2026-10-09,[],,806da103ccec0ac743565572b41cb8c0872804fc8334f8b78f6101e0fce41be8
CDS_2020_II_GK,CDS_II_2020_GK_106,CDS,2020,II,General Knowledge,106,Which one among the following is a non-conventional source of energy?,Petroleum,Coal,Radioactive elements,Solar energy,D,TRUSTED_SECONDARY,https://www.unlockias.in/cds-2020-ii-general-knowledge,https://www.unlockias.in/cds-2020-ii-general-knowledge/q106-one-among-non-conventional-source-energy,D,"Correct: D, Solar energy. In the Indian classification used by school geography and by the government's own nomenclature, conventional sources are those long in commercial use: coal, petroleum, natural gas, firewood and, in the standard textbook grouping, hydel and nuclear power. Non-conventional or new and renewable sources were developed later and draw on flows that renew themselves: solar, wind, biogas, small hydro, geothermal, tidal and ocean thermal energy. Solar is the first name on that list. It is inexhaustible on any human timescale, available almost everywhere in India, and produces no carbon dioxide at the point of generation. The other three options are all long-established commercial fuels drawn from finite stocks.",UnlockIAS_2026-10-09,"[""Geography""]",,b5ff55a15306ae370d6c54bc1f48b0543ef44e26cc26d7679e895ed4f25f1457
CDS_2020_II_GK,CDS_II_2020_GK_107,CDS,2020,II,General Knowledge,107,Which one of the following statements about phloem is correct?,Phloem transports water and minerals.,Phloem transports photosynthetic products.,Phloem is a simple tissue.,Phloem gives support to the plant.,B,TRUSTED_SECONDARY,https://www.unlockias.in/cds-2020-ii-general-knowledge,https://www.unlockias.in/cds-2020-ii-general-knowledge/q107-one-statements-about-phloem-correct,B,"Correct: B, Phloem transports photosynthetic products. Phloem is the food-conducting half of the vascular system. The sugar made in the leaves (chiefly sucrose, along with amino acids and other soluble organic compounds) is loaded into the sieve tubes and carried to wherever the plant is growing or storing: root tips, developing fruit, tubers, the cambium. The movement is called translocation, it is driven by a pressure gradient between the loading source and the unloading sink rather than by evaporation, and it requires energy, which is why the sieve tubes depend on their companion cells. Because sources and sinks change with the season, phloem can move material both upward and downward, unlike the one-way upward flow in xylem.",UnlockIAS_2026-10-09,"[""Science & Technology""]",,9d7da1f7c0a51fe297d18bc4c5eb15c8da581379ca49acab609a99284a53ef5f
CDS_2020_II_GK,CDS_II_2020_GK_108,CDS,2020,II,General Knowledge,108,Mature sclerenchyma cells have,cellulose wall and are living,lignified wall and are living,suberized wall and are dead,lignified wall and are dead,D,TRUSTED_SECONDARY,https://www.unlockias.in/cds-2020-ii-general-knowledge,https://www.unlockias.in/cds-2020-ii-general-knowledge/q108-mature-sclerenchyma-cells,D,"Correct: D, lignified wall and are dead. Sclerenchyma is the plant's hard supporting tissue, and the two facts in this option are the two that define it. Its cells lay down an extremely thick secondary wall impregnated with lignin, the rigid polymer that makes wood woody, so the wall material is cellulose and hemicellulose stiffened with lignin rather than cellulose alone. That wall is laid down from the inside, and by the time it is complete it has closed the cell almost entirely and cut off the exchange the protoplast needs, so the living contents die away. What remains is a hollow, rigid tube: dead cells that go on giving the plant mechanical strength long after they stop living. Husks, nutshells, the gritty stone cells of a pear, and the commercial fibres of jute, coir and flax are all sclerenchyma.",UnlockIAS_2026-10-09,"[""Science & Technology""]",,0e506c381c67c46e7ffc856fcbf167b43f9af11681bb3e1dbc8f92e8e54532b0
CDS_2020_II_GK,CDS_II_2020_GK_109,CDS,2020,II,General Knowledge,109,"In human beings, the chromosomes that determine birth of a normal female child are",one X chromosome from mother and one X chromosome from father,one X chromosome from mother and one Y chromosome from father,two X chromosomes from mother and one X chromosome from father,one X chromosome and one Y chromosome from father and one X chromosome from mother,A,TRUSTED_SECONDARY,https://www.unlockias.in/cds-2020-ii-general-knowledge,https://www.unlockias.in/cds-2020-ii-general-knowledge/q109-human-beings-chromosomes-determine-birth-normal-female,A,"Correct: A, one X chromosome from mother and one X chromosome from father. A human cell carries 23 pairs of chromosomes: 22 pairs of autosomes and one pair of sex chromosomes, XX in a female and XY in a male. Gametes carry one of each pair. Every egg carries an X, because that is all the mother has to give, while sperm are of two kinds, half carrying an X and half a Y. A female child therefore receives an X from the mother, which is automatic, and an X from the father, which is the fifty-fifty event. That gives XX, and only option (a) states it. The sex of the child is decided entirely by which sperm fertilises the egg , so it is the father's contribution, not the mother's, that varies.",UnlockIAS_2026-10-09,"[""Science & Technology""]",,9386b9c985e3f2988cf7010d89d03854f9dd4aa5c4889e5fd13b3b5a63d94932
CDS_2020_II_GK,CDS_II_2020_GK_110,CDS,2020,II,General Knowledge,110,Antibiotic such as penicillin blocks,cell wall formation in bacteria,RNA synthesis in bacteria,DNA synthesis in bacteria,division in bacteria,A,TRUSTED_SECONDARY,https://www.unlockias.in/cds-2020-ii-general-knowledge,https://www.unlockias.in/cds-2020-ii-general-knowledge/q110-antibiotic-such-penicillin-blocks,A,"Correct: A, cell wall formation in bacteria. A bacterial cell wall is a mesh of peptidoglycan whose strands must be cross-linked to hold pressure, and the cross-linking is done by enzymes known as penicillin-binding proteins. Penicillin's four-membered beta-lactam ring mimics the natural target these enzymes act on, so they bind the drug instead and the final cross-linking step never happens. A growing bacterium then builds wall that cannot bear load; water flows in down the osmotic gradient and the cell bursts. This explains the drug's selective toxicity : human cells have no cell wall and no peptidoglycan, so there is nothing in us for penicillin to attack, and it can be given in large doses with little harm. It also explains a limitation: penicillin kills growing bacteria, not dormant ones, and does nothing to viruses, which have no cell wall either.",UnlockIAS_2026-10-09,"[""Science & Technology""]",,79f74afcaabe923ed17ff1e3b6c8d9c4a5edeecdab4749c0348b049344a00cfe
CDS_2020_II_GK,CDS_II_2020_GK_111,CDS,2020,II,General Knowledge,111,The radioactive isotope of hydrogen is,protium,deuterium,tritium,hydronium,C,TRUSTED_SECONDARY,https://www.unlockias.in/cds-2020-ii-general-knowledge,https://www.unlockias.in/cds-2020-ii-general-knowledge/q111-radioactive-isotope-hydrogen,C,"Correct: C, tritium. Hydrogen has three isotopes, all with one proton and differing only in the number of neutrons: protium with none, deuterium with one and tritium with two. Protium and deuterium are stable; tritium is not. Its nucleus, with two neutrons to a single proton, is too neutron-heavy to hold together indefinitely, and it decays by beta-minus emission (a neutron turns into a proton with the release of an electron and an antineutrino) becoming helium-3. The half-life is about 12·3 years and the beta particle emitted is unusually feeble at around 18·6 keV, weak enough to be stopped by a sheet of paper or the outer layer of skin, which is why tritium can safely be sealed into self-luminous watch dials and gunsights. It is also a fuel for fusion, paired with deuterium in thermonuclear devices and in reactors such as ITER.",UnlockIAS_2026-10-09,"[""Science & Technology""]",,79250780c4e2f4c82384119b5c9ea5d6554b6471c95ae268070845278c0c3e6a
CDS_2020_II_GK,CDS_II_2020_GK_112,CDS,2020,II,General Knowledge,112,Which one of the following is used for storing biological tissues?,Liquid nitrogen,Liquid helium,Liquid argon,Liquid bromine,A,TRUSTED_SECONDARY,https://www.unlockias.in/cds-2020-ii-general-knowledge,https://www.unlockias.in/cds-2020-ii-general-knowledge/q112-one-storing-biological-tissues,A,"Correct: A, Liquid nitrogen. Long-term storage of living material (blood, semen, embryos, stem cells, tissue samples, seeds in a gene bank) needs a temperature low enough to stop every chemical and enzymatic process: in practice, below about minus 130 degrees Celsius. Liquid nitrogen boils at about minus 196 degrees at atmospheric pressure, comfortably past that threshold. What makes it the practical choice, not merely a possible one, is that nitrogen is the most abundant gas in the atmosphere, so the liquid is cheap and available anywhere. It is also chemically inert, non-flammable and non-toxic, so it will not react with the material it protects. A dewar of it needs no power supply, only occasional topping up as the liquid boils away.",UnlockIAS_2026-10-09,"[""Science & Technology""]",,fc817a34fa89b5df766316d6c77be128074c946cb3d005e5647a2bec01ae6c86
CDS_2020_II_GK,CDS_II_2020_GK_113,CDS,2020,II,General Knowledge,113,Which one of the following does not form oxide on reaction with oxygen?,Magnesium,Lead,Tin,Silver,D,TRUSTED_SECONDARY,https://www.unlockias.in/cds-2020-ii-general-knowledge,https://www.unlockias.in/cds-2020-ii-general-knowledge/q113-one-form-oxide-reaction-oxygen,D,"Correct: D, Silver. The reactivity series ranks metals by how readily they give up electrons, and the readiness to combine with oxygen follows the same order. Magnesium sits high and burns in air with a brilliant white flame to magnesium oxide. Lead and tin sit lower but still combine with oxygen on heating: lead gives litharge, PbO, and tin gives stannic oxide, SnO₂. Silver sits near the very bottom of the series and does not react with air even at red heat. That is why silver, like gold, occurs in nature as the native metal and a silver article does not corrode away.",UnlockIAS_2026-10-09,"[""Science & Technology""]",,14175fd9e2b75f1ba0ce0177ca620831ff056aa039126be552afc76919b25ef4
CDS_2020_II_GK,CDS_II_2020_GK_114,CDS,2020,II,General Knowledge,114,The valency of phosphorus is,"2, 3","3, 4","4, 5","3, 5",D,TRUSTED_SECONDARY,https://www.unlockias.in/cds-2020-ii-general-knowledge,https://www.unlockias.in/cds-2020-ii-general-knowledge/q114-valency-phosphorus,D,"Correct: D, 3, 5. Phosphorus has atomic number 15, so its electron arrangement is 2, 8, 5, with five electrons in the outermost shell. Valency is the combining capacity of an atom: the number of electrons it must gain to complete the shell, or the number it can put to use in bonding. Needing three more electrons to reach eight gives a valency of three , as in phosphine, PH₃, phosphorus trichloride, PCl₃, and phosphorus trioxide, P₄O₆. But phosphorus is in the third period and has vacant 3d orbitals, so it can expand its shell and use all five outer electrons: a valency of five in phosphorus pentachloride, PCl₅, phosphorus pentoxide, P₄O₁₀, and phosphoric acid, H₃PO₄. Both values are real and common, so the answer is the pair 3 and 5.",UnlockIAS_2026-10-09,"[""General Science""]",,02d45c2702a69a1d3d530665e3ea5f5dc9ea7a4d81223a6b46b0d9ba010d17d7
CDS_2020_II_GK,CDS_II_2020_GK_115,CDS,2020,II,General Knowledge,115,Lead nitrate on heating gives,PbO2 and NO2,PbO and NO2,PbO and NO,PbO2 and NO,B,TRUSTED_SECONDARY,https://www.unlockias.in/cds-2020-ii-general-knowledge,https://www.unlockias.in/cds-2020-ii-general-knowledge/q115-lead-nitrate-heating-gives,B,"Correct: B, PbO and NO₂. Heating lead(II) nitrate breaks it into three products by the equation 2Pb(NO₃)₂ → 2PbO + 4NO₂ + O₂: a yellow residue of lead(II) oxide, thick brown fumes of nitrogen dioxide, and colourless oxygen. It is the standard school demonstration of thermal decomposition , in which a single compound is split by heat into two or more simpler substances, and a convenient laboratory way of making nitrogen dioxide. Both parts of the answer follow from the starting material. The lead is already in the +2 state and heat does not oxidise it further, so the oxide is PbO, not PbO₂. The gas is nitrogen dioxide: nitric oxide, NO, is colourless, and the brown fumes in the test tube identify the product as NO₂.",UnlockIAS_2026-10-09,"[""General Science""]",,e3767ddfcdaa7e3a3dd70e8435aed63a148ea18ab0d90370e6dccf366ec5a487
CDS_2020_II_GK,CDS_II_2020_GK_116,CDS,2020,II,General Knowledge,116,Which one of the following is a decommissioned aircraft carrier?,INS Rajput,INS Chakra,INS Khanderi,INS Viraat,D,TRUSTED_SECONDARY,https://www.unlockias.in/cds-2020-ii-general-knowledge,https://www.unlockias.in/cds-2020-ii-general-knowledge/q116-one-decommissioned-aircraft-carrier,D,"Correct: D, INS Viraat. Two conditions have to be met (the ship must be an aircraft carrier, and it must have been decommissioned), and Viraat is the only name on the list that meets even the first. Every other option is a submarine or a destroyer. She was a Centaur-class light carrier built for the Royal Navy as HMS Hermes and commissioned in 1959, bought by India in April 1986, refitted at Devonport and commissioned into the Indian Navy on 12 May 1987. She operated Sea Harrier jump jets from a flight deck fitted with a 12-degree ski jump, served through Operation Jupiter in Sri Lanka and Operation Parakram, and was formally decommissioned on 6 March 2017, after nearly thirty years in Indian service and more than fifty afloat in all.",UnlockIAS_2026-10-09,"[""Defence & Security""]",,cbed84ca190696ad14c7c14bda9614ac9c2f3e73ecf010419f7bf2003d01021c
CDS_2020_II_GK,CDS_II_2020_GK_117,CDS,2020,II,General Knowledge,117,Who among the following has won the Singles Title in Wimbledon Tennis Championship (Women) in the year 2019?,Karolina Pliskova,Simona Halep,Serena Williams,Naomi Osaka,B,TRUSTED_SECONDARY,https://www.unlockias.in/cds-2020-ii-general-knowledge,https://www.unlockias.in/cds-2020-ii-general-knowledge/q117-among-won-singles-title-wimbledon-tennis-championship,B,"Correct: B, Simona Halep. The Romanian beat Serena Williams 6–2, 6–2 in the 2019 ladies' singles final at the All England Club. It was one of the most one-sided Wimbledon finals of the modern era: the match lasted only fifty-six minutes, and Halep made just three unforced errors, a record low for a major final. The win gave her a first Wimbledon title and a second and, as it turned out, last major, after the 2018 French Open. Because the pandemic cancelled the 2020 championships outright, Halep was still the reigning champion when this paper was set in November 2020, and held the title until Ashleigh Barty won in 2021.",UnlockIAS_2026-10-09,"[""Current Affairs""]",,4d6f724386fbeb4f51b188fec1f23203055582edaecbae218b9a33a878671fe6
CDS_2020_II_GK,CDS_II_2020_GK_118,CDS,2020,II,General Knowledge,118,Recently islands of Andaman and Nicobar were connected with mainland by Submarine Optical Fibre Cable. Which one of the following islands was not connected initially?,Shaheed Island,Swaraj Island,Little Andaman,Port Blair,A,TRUSTED_SECONDARY,https://www.unlockias.in/cds-2020-ii-general-knowledge,https://www.unlockias.in/cds-2020-ii-general-knowledge/q118-recently-islands-andaman-nicobar-connected-mainland-submarine,A,"Correct: A, Shaheed Island. The Chennai to Andaman and Nicobar Islands submarine cable, inaugurated in August 2020, landed at Port Blair and at seven other island points: Swaraj Dweep, Little Andaman, Car Nicobar, Great Nicobar, Kamorta, Long Island and Rangat. Shaheed Dweep is not on that list, while the other three options are all landing points. The renaming behind the question is the part that has to be known. In December 2018 Ross Island became Netaji Subhas Chandra Bose Dweep, Havelock Island became Swaraj Dweep and Neil Island became Shaheed Dweep. So Swaraj Island in option (b) is Havelock, which was connected, and Shaheed Island in option (a) is Neil, which was not.",UnlockIAS_2026-10-09,"[""Indian Economy""]",,3306cb12589b2565099dfc914ee13320cee77ced4d3e5576e30ee7cfac4bf5c1
CDS_2020_II_GK,CDS_II_2020_GK_119,CDS,2020,II,General Knowledge,119,"In August 2020, who among the following was administered the oath as the Prime Minister of Sri Lanka for the fourth time?",Gotabaya Rajapaksa,Basil Rajapaksa,Mahinda Rajapaksa,Namal Rajapaksa,C,TRUSTED_SECONDARY,https://www.unlockias.in/cds-2020-ii-general-knowledge,https://www.unlockias.in/cds-2020-ii-general-knowledge/q119-august-2020-among-administered-oath-prime-minister,C,"Correct: C, Mahinda Rajapaksa. He was sworn in as Prime Minister of Sri Lanka on 9 August 2020, four days after his party's landslide in the parliamentary election of 5 August, and the ceremony was described as his fourth term in the office. His earlier premierships ran from April 2004 to November 2005, briefly from October to December 2018, and from November 2019. The oath was administered by his younger brother Gotabaya Rajapaksa, who had been elected President in November 2019: the arrangement that put the presidency and the premiership in the hands of two brothers at once. Between the first and last of those premierships Mahinda served two terms as President, from November 2005 to January 2015, the period in which the long civil war with the LTTE was brought to an end in 2009.",UnlockIAS_2026-10-09,"[""Indian Polity""]",,2fca841a30c46b84a7da047dd091012d98194d8aa98483def49f01876dd3a2e9
CDS_2020_II_GK,CDS_II_2020_GK_120,CDS,2020,II,General Knowledge,120,Which one of the following Indian Ocean island nations has recently declared a state of environmental emergency due to oil spill from a grounded ship?,Maldives,Mauritius,Madagascar,Sri Lanka,B,TRUSTED_SECONDARY,https://www.unlockias.in/cds-2020-ii-general-knowledge,https://www.unlockias.in/cds-2020-ii-general-knowledge/q120-one-indian-ocean-island-nations-recently-declared,B,"Correct: B, Mauritius. On 25 July 2020 the Japanese-owned, Panama-flagged bulk carrier MV Wakashio ran onto a coral reef off Pointe d'Esny on the south-eastern coast of Mauritius. Fuel oil began escaping from the hull on 6 August, and roughly a thousand tonnes eventually spilled; the slick grew from about 3 square kilometres on 6 August to about 27 by 11 August. Prime Minister Pravind Kumar Jugnauth declared a state of environmental emergency in that first week of August and appealed for international help, and India, France and Japan sent assistance. The hull broke in two on 15 August with about 166 tonnes of fuel still aboard. The spill struck some of the most sensitive coastline in the western Indian Ocean, including the Blue Bay Marine Park, the Ramsar-listed wetland at Pointe d'Esny and the island reserve of Île aux Aigrettes.",UnlockIAS_2026-10-09,"[""Environment & Ecology""]",,6b04bd31bdec82e9b418b716eaeab6e440f74ea067248799dee3bb6c818d6190
